timeStamp,elapsed,label,responseCode,threadName,dataType,success,failureMessage,bytes,sentBytes,grpThreads,allThreads,Latency,IdleTime,Connect
1662356762060,177,Connect,200,Sub Group 2-1,,true,,11,0,11,22,0,0,0
1662356762062,175,Connect,200,Pub Group 1-1,,true,,11,0,11,22,0,0,0
1662356762077,172,Connect,200,Pub Group 1-2,,true,,11,0,12,23,0,0,0
1662356762088,175,Connect,200,Sub Group 2-2,,true,,11,0,12,24,0,0,0
1662356762097,171,Connect,200,Pub Group 1-3,,true,,11,0,12,24,0,0,0
1662356762105,171,Connect,200,Sub Group 2-3,,true,,11,0,13,26,0,0,0
1662356762117,166,Connect,200,Pub Group 1-4,,true,,11,0,13,26,0,0,0
1662356762124,171,Connect,200,Sub Group 2-4,,true,,11,0,14,28,0,0,0
1662356762137,171,Connect,200,Pub Group 1-5,,true,,11,0,14,28,0,0,0
1662356762143,172,Connect,200,Sub Group 2-5,,true,,11,0,15,30,0,0,0
1662356762158,170,Connect,200,Pub Group 1-6,,true,,11,0,16,31,0,0,0
1662356762165,175,Connect,200,Sub Group 2-6,,true,,11,0,16,32,0,0,0
1662356762178,170,Connect,200,Pub Group 1-7,,true,,11,0,17,33,0,0,0
1662356762181,171,Connect,200,Sub Group 2-7,,true,,11,0,16,33,0,0,0
1662356762200,170,Connect,200,Pub Group 1-8,,true,,11,0,18,35,0,0,0
1662356762205,173,Connect,200,Sub Group 2-8,,true,,11,0,18,36,0,0,0
1662356762219,174,Connect,200,Pub Group 1-9,,true,,11,0,19,37,0,0,0
1662356762225,173,Connect,200,Sub Group 2-9,,true,,11,0,19,38,0,0,0
1662356762245,166,Connect,200,Sub Group 2-10,,true,,11,0,19,39,0,0,0
1662356762239,173,Connect,200,Pub Group 1-10,,true,,11,0,20,39,0,0,0
1662356762258,173,Connect,200,Pub Group 1-11,,true,,11,0,21,41,0,0,0
1662356762269,164,Publish Message,200,Pub Group 1-1,,true,,20,48,21,41,164,0,0
1662356762265,169,Connect,200,Sub Group 2-11,,true,,11,0,20,41,0,0,0
1662356762279,169,Connect,200,Pub Group 1-12,,true,,11,0,21,42,0,0,0
1662356762279,169,Publish Message,200,Pub Group 1-2,,true,,20,48,21,42,169,0,0
1662356762285,169,Connect,200,Sub Group 2-12,,true,,11,0,21,43,0,0,0
1662356762302,165,Connect,200,Pub Group 1-13,,true,,11,0,23,45,0,0,0
1662356762298,170,Publish Message,200,Pub Group 1-3,,true,,20,48,23,45,170,0,0
1662356762472,203,Subscribe Message,200,Sub Group 2-1,,true,,48,0,22,45,203,0,0
1662356762313,163,Publish Message,200,Pub Group 1-4,,true,,20,48,23,46,163,0,0
1662356762305,171,Connect,200,Sub Group 2-13,,true,,11,0,23,46,0,0,0
1662356762318,171,Connect,200,Pub Group 1-14,,true,,11,0,24,47,0,0,0
1662356762325,168,Connect,200,Sub Group 2-14,,true,,11,0,24,48,0,0,0
1662356762502,193,Subscribe Message,200,Sub Group 2-1,,true,,48,0,24,48,193,0,0
1662356762337,167,Publish Message,200,Pub Group 1-5,,true,,20,48,24,48,167,0,0
1662356762338,166,Connect,200,Pub Group 1-15,,true,,11,0,24,48,0,0,0
1662356762341,165,Connect,200,Sub Group 2-15,,true,,11,0,24,48,0,0,0
1662356762508,239,Subscribe Message,200,Sub Group 2-2,,true,,48,0,24,49,239,0,0
1662356762522,253,Subscribe Message,200,Sub Group 2-3,,true,,48,0,25,50,253,0,0
1662356762358,168,Publish Message,200,Pub Group 1-6,,true,,20,48,25,50,168,0,0
1662356762356,172,Connect,200,Pub Group 1-16,,true,,11,0,25,50,0,0,0
1662356762533,175,Subscribe Message,200,Sub Group 2-1,,true,,48,0,26,52,175,0,0
1662356762364,170,Connect,200,Sub Group 2-16,,true,,11,0,26,52,0,0,0
1662356762537,268,Subscribe Message,200,Sub Group 2-4,,true,,48,0,26,52,268,0,0
1662356762539,229,Subscribe Message,200,Sub Group 2-2,,true,,48,0,26,52,229,0,0
1662356762377,168,Connect,200,Pub Group 1-17,,true,,11,0,26,52,0,0,0
1662356762378,168,Publish Message,200,Pub Group 1-7,,true,,20,48,26,52,168,0,0
1662356762598,300,Subscribe Message,200,Sub Group 2-7,,true,,48,0,29,58,300,0,0
1662356762424,172,Publish Message,200,Pub Group 1-9,,true,,20,48,29,58,172,0,0
1662356762425,170,Connect,200,Sub Group 2-19,,true,,11,0,28,57,0,0,0
1662356762418,170,Connect,200,Pub Group 1-19,,true,,11,0,28,56,0,0,0
1662356762585,287,Subscribe Message,200,Sub Group 2-6,,true,,48,0,28,56,287,0,0
1662356762404,168,Connect,200,Sub Group 2-18,,true,,11,0,27,55,0,0,0
1662356762570,210,Subscribe Message,200,Sub Group 2-2,,true,,48,0,27,54,210,0,0
1662356762401,168,Publish Message,200,Pub Group 1-8,,true,,20,48,27,54,168,0,0
1662356762397,172,Connect,200,Pub Group 1-18,,true,,11,0,27,54,0,0,0
1662356762568,258,Subscribe Message,200,Sub Group 2-4,,true,,48,0,27,54,258,0,0
1662356762567,298,Subscribe Message,200,Sub Group 2-5,,true,,48,0,27,54,298,0,0
1662356762552,243,Subscribe Message,200,Sub Group 2-3,,true,,48,0,26,53,243,0,0
1662356762383,165,Connect,200,Sub Group 2-17,,true,,11,0,26,53,0,0,0
1662356762437,173,Connect,200,Pub Group 1-20,,true,,11,0,30,59,0,0,0
1662356762442,170,Publish Message,200,Pub Group 1-10,,true,,20,49,30,59,170,0,0
1662356762445,172,Connect,200,Sub Group 2-20,,true,,11,0,30,60,0,0,0
1662356762463,163,Publish Message,200,Pub Group 1-1,,true,,20,48,30,60,163,0,0
1662356762456,170,Connect,200,Pub Group 1-21,,true,,11,0,30,60,0,0,0
1662356762630,292,Subscribe Message,200,Sub Group 2-8,,true,,48,0,30,60,292,0,0
1662356762461,171,Publish Message,200,Pub Group 1-11,,true,,20,49,30,60,171,0,0
1662356762465,172,Connect,200,Sub Group 2-21,,true,,11,0,31,62,0,0,0
1662356762639,239,Subscribe Message,200,Sub Group 2-4,,true,,48,0,31,62,239,0,0
1662356762639,288,Subscribe Message,200,Sub Group 2-5,,true,,48,0,31,62,288,0,0
1662356762639,272,Subscribe Message,200,Sub Group 2-6,,true,,48,0,31,62,272,0,0
1662356762639,285,Subscribe Message,200,Sub Group 2-7,,true,,48,0,31,62,285,0,0
1662356762639,225,Subscribe Message,200,Sub Group 2-3,,true,,48,0,31,62,225,0,0
1662356762643,285,Subscribe Message,200,Sub Group 2-9,,true,,48,0,31,62,285,0,0
1662356762563,82,Disconnect,200,Sub Group 2-1,,true,,11,0,31,62,0,0,0
1662356762478,167,Publish Message,200,Pub Group 1-12,,true,,20,49,31,61,167,0,0
1662356762478,170,Publish Message,200,Pub Group 1-2,,true,,20,48,31,61,170,0,0
1662356762482,171,Connect,200,Pub Group 1-22,,true,,11,0,32,62,0,0,0
1662356762656,298,Subscribe Message,200,Sub Group 2-10,,true,,48,0,31,63,298,0,0
1662356762497,163,Publish Message,200,Pub Group 1-13,,true,,20,49,32,63,163,0,0
1662356762661,271,Subscribe Message,200,Sub Group 2-8,,true,,48,0,31,63,271,0,0
1662356762485,176,Connect,200,Sub Group 2-22,,true,,11,0,31,63,0,0,0
1662356762506,162,Publish Message,200,Pub Group 1-4,,true,,20,48,32,63,162,0,0
1662356762498,170,Publish Message,200,Pub Group 1-3,,true,,20,48,32,63,170,0,0
1662356762496,172,Connect,200,Pub Group 1-23,,true,,11,0,32,63,0,0,0
1662356762670,261,Subscribe Message,200,Sub Group 2-7,,true,,48,0,31,64,261,0,0
1662356762670,248,Subscribe Message,200,Sub Group 2-6,,true,,48,0,31,64,248,0,0
1662356762670,269,Subscribe Message,200,Sub Group 2-5,,true,,48,0,31,64,269,0,0
1662356762674,265,Subscribe Message,200,Sub Group 2-9,,true,,48,0,31,64,265,0,0
1662356762505,169,Connect,200,Sub Group 2-23,,true,,11,0,31,64,0,0,0
1662356762674,274,Subscribe Message,200,Sub Group 2-11,,true,,48,0,31,64,274,0,0
1662356762517,165,Connect,200,Pub Group 1-24,,true,,11,0,33,65,0,0,0
1662356762518,168,Publish Message,200,Pub Group 1-14,,true,,20,49,33,65,168,0,0
1662356762687,278,Subscribe Message,200,Sub Group 2-10,,true,,48,0,32,65,278,0,0
1662356762691,251,Subscribe Message,200,Sub Group 2-8,,true,,48,0,32,66,251,0,0
1662356762522,169,Connect,200,Sub Group 2-24,,true,,11,0,32,66,0,0,0
1662356762535,165,Publish Message,200,Pub Group 1-15,,true,,20,49,34,67,165,0,0
1662356762534,167,Publish Message,200,Pub Group 1-5,,true,,20,48,34,67,167,0,0
1662356762705,243,Subscribe Message,200,Sub Group 2-9,,true,,48,0,33,67,243,0,0
1662356762705,250,Subscribe Message,200,Sub Group 2-11,,true,,48,0,33,67,250,0,0
1662356762706,306,Subscribe Message,200,Sub Group 2-12,,true,,48,0,33,67,306,0,0
1662356762537,170,Connect,200,Pub Group 1-25,,true,,11,0,34,67,0,0,0
1662356762546,172,Connect,200,Sub Group 2-25,,true,,11,0,34,69,0,0,0
1662356762718,259,Subscribe Message,200,Sub Group 2-10,,true,,48,0,34,69,259,0,0
1662356762556,167,Publish Message,200,Pub Group 1-6,,true,,20,48,35,69,167,0,0
1662356762723,299,Subscribe Message,200,Sub Group 2-13,,true,,48,0,34,69,299,0,0
1662356762561,164,Connect,200,Sub Group 2-26,,true,,11,0,34,69,0,0,0
1662356762557,170,Publish Message,200,Pub Group 1-16,,true,,20,49,35,69,170,0,0
1662356762639,90,Disconnect,200,Sub Group 2-2,,true,,11,0,34,69,0,0,0
1662356762559,170,Connect,200,Pub Group 1-26,,true,,11,0,36,69,0,0,0
1662356762736,232,Subscribe Message,200,Sub Group 2-11,,true,,49,0,33,69,232,0,0
1662356762736,294,Subscribe Message,200,Sub Group 2-14,,true,,49,0,33,69,294,0,0
1662356762737,282,Subscribe Message,200,Sub Group 2-12,,true,,48,0,34,70,282,0,0
1662356762575,164,Publish Message,200,Pub Group 1-17,,true,,20,49,36,70,164,0,0
1662356762576,168,Publish Message,200,Pub Group 1-7,,true,,20,48,36,70,168,0,0
1662356762577,169,Connect,200,Pub Group 1-27,,true,,11,0,36,70,0,0,0
1662356762749,286,Subscribe Message,200,Sub Group 2-15,,true,,48,0,34,71,286,0,0
1662356762586,165,Connect,200,Sub Group 2-27,,true,,11,0,34,71,0,0,0
1662356762754,281,Subscribe Message,200,Sub Group 2-13,,true,,49,0,34,71,281,0,0
1662356762670,87,Disconnect,200,Sub Group 2-4,,true,,11,0,35,72,0,0,0
1662356762670,88,Disconnect,200,Sub Group 2-3,,true,,11,0,34,71,0,0,0
1662356762766,273,Subscribe Message,200,Sub Group 2-14,,true,,48,0,33,70,273,0,0
1662356762767,265,Subscribe Message,200,Sub Group 2-12,,true,,49,0,33,70,265,0,0
1662356762601,171,Connect,200,Pub Group 1-28,,true,,11,0,38,71,0,0,0
1662356762779,288,Subscribe Message,200,Sub Group 2-15,,true,,49,0,34,72,288,0,0
1662356762606,174,Connect,200,Sub Group 2-28,,true,,11,0,34,72,0,0,0
1662356762783,286,Subscribe Message,200,Sub Group 2-16,,true,,49,0,34,72,286,0,0
1662356762785,260,Subscribe Message,200,Sub Group 2-13,,true,,48,0,34,72,260,0,0
1662356762620,165,Connect,200,Pub Group 1-29,,true,,11,0,38,72,0,0,0
1662356762700,87,Disconnect,200,Sub Group 2-5,,true,,11,0,34,72,0,0,0
1662356762700,88,Disconnect,200,Sub Group 2-7,,true,,11,0,33,71,0,0,0
1662356762700,89,Disconnect,200,Sub Group 2-6,,true,,11,0,32,71,0,0,0
1662356762626,169,Connect,200,Sub Group 2-29,,true,,11,0,31,70,0,0,0
1662356762797,275,Subscribe Message,200,Sub Group 2-14,,true,,49,0,32,71,275,0,0
1662356762639,167,Publish Message,200,Pub Group 1-19,,true,,20,49,39,71,167,0,0
1662356762639,167,Publish Message,200,Pub Group 1-8,,true,,20,48,39,71,167,0,0
1662356762722,85,Disconnect,200,Sub Group 2-8,,true,,11,0,32,71,0,0,0
1662356762641,168,Publish Message,200,Pub Group 1-20,,true,,20,49,39,70,168,0,0
1662356762809,271,Subscribe Message,200,Sub Group 2-15,,true,,49,0,31,70,271,0,0
1662356762639,170,Publish Message,200,Pub Group 1-18,,true,,20,49,39,70,170,0,0
1662356762639,171,Publish Message,200,Pub Group 1-9,,true,,20,48,39,70,171,0,0
1662356762642,170,Publish Message,200,Pub Group 1-10,,true,,20,49,39,70,170,0,0
1662356762813,285,Subscribe Message,200,Sub Group 2-16,,true,,48,0,31,70,285,0,0
1662356762646,169,Connect,200,Sub Group 2-30,,true,,11,0,31,71,0,0,0
1662356762639,178,Connect,200,Pub Group 1-30,,true,,11,0,40,72,0,0,0
1662356762736,85,Disconnect,200,Sub Group 2-9,,true,,11,0,32,72,0,0,0
1662356762656,165,Publish Message,200,Pub Group 1-1,,true,,20,48,40,71,165,0,0
1662356762656,168,Publish Message,200,Pub Group 1-21,,true,,20,49,40,71,168,0,0
1662356762748,83,Disconnect,200,Sub Group 2-10,,true,,11,0,32,72,0,0,0
1662356762661,170,Publish Message,200,Pub Group 1-11,,true,,20,49,40,71,170,0,0
1662356762667,166,Connect,200,Sub Group 2-31,,true,,11,0,31,71,0,0,0
1662356762662,172,Connect,200,Pub Group 1-31,,true,,11,0,41,72,0,0,0
1662356762675,167,Publish Message,200,Pub Group 1-12,,true,,20,49,41,72,167,0,0
1662356762842,286,Subscribe Message,200,Sub Group 2-17,,true,,48,0,31,72,286,0,0
1662356762844,277,Subscribe Message,200,Sub Group 2-16,,true,,48,0,31,72,277,0,0
1662356762678,170,Publish Message,200,Pub Group 1-2,,true,,20,48,41,72,170,0,0
1662356762679,169,Connect,200,Pub Group 1-32,,true,,11,0,41,72,0,0,0
1662356762766,85,Disconnect,200,Sub Group 2-11,,true,,11,0,31,73,0,0,0
1662356762683,169,Publish Message,200,Pub Group 1-22,,true,,20,49,42,72,169,0,0
1662356762691,163,Publish Message,200,Pub Group 1-13,,true,,20,49,42,72,163,0,0
1662356762859,303,Subscribe Message,200,Sub Group 2-18,,true,,48,0,31,73,303,0,0
1662356762860,303,Subscribe Message,200,Sub Group 2-19,,true,,48,0,31,73,303,0,0
1662356762861,286,Subscribe Message,200,Sub Group 2-20,,true,,49,0,31,73,286,0,0
1662356762699,163,Publish Message,200,Pub Group 1-4,,true,,20,48,42,73,163,0,0
1662356762687,177,Connect,200,Sub Group 2-32,,true,,11,0,31,73,0,0,0
1662356762699,169,Publish Message,200,Pub Group 1-23,,true,,20,49,43,74,169,0,0
1662356762699,170,Publish Message,200,Pub Group 1-3,,true,,20,48,43,74,170,0,0
1662356762872,285,Subscribe Message,200,Sub Group 2-17,,true,,49,0,31,74,285,0,0
1662356762700,172,Connect,200,Pub Group 1-33,,true,,11,0,43,74,0,0,0
1662356762712,163,Publish Message,200,Pub Group 1-24,,true,,20,49,43,74,163,0,0
1662356762878,238,Subscribe Message,200,Sub Group 2-24,,true,,49,0,32,75,238,0,0
1662356762878,238,Subscribe Message,200,Sub Group 2-21,,true,,49,0,32,75,238,0,0
1662356762707,173,Connect,200,Sub Group 2-33,,true,,11,0,32,75,0,0,0
1662356762798,85,Disconnect,200,Sub Group 2-12,,true,,11,0,32,75,0,0,0
1662356762716,168,Publish Message,200,Pub Group 1-14,,true,,20,49,43,74,168,0,0
1662356762884,245,Subscribe Message,200,Sub Group 2-23,,true,,49,0,31,74,245,0,0
1662356762886,246,Subscribe Message,200,Sub Group 2-22,,true,,49,0,31,74,246,0,0
1662356762890,302,Subscribe Message,200,Sub Group 2-18,,true,,49,0,31,74,302,0,0
1662356762891,303,Subscribe Message,200,Sub Group 2-19,,true,,49,0,31,75,303,0,0
1662356762892,285,Subscribe Message,200,Sub Group 2-20,,true,,48,0,31,75,285,0,0
1662356762720,172,Connect,200,Pub Group 1-34,,true,,11,0,44,75,0,0,0
1662356762731,164,Publish Message,200,Pub Group 1-15,,true,,20,49,44,75,164,0,0
1662356762728,169,Connect,200,Sub Group 2-34,,true,,11,0,32,76,0,0,0
1662356762732,167,Publish Message,200,Pub Group 1-5,,true,,20,48,44,76,167,0,0
1662356762816,85,Disconnect,200,Sub Group 2-13,,true,,11,0,32,76,0,0,0
1662356762903,267,Subscribe Message,200,Sub Group 2-17,,true,,49,0,31,75,267,0,0
1662356762738,169,Publish Message,200,Pub Group 1-25,,true,,20,49,45,76,169,0,0
1662356762908,239,Subscribe Message,200,Sub Group 2-24,,true,,48,0,31,76,239,0,0
1662356762908,239,Subscribe Message,200,Sub Group 2-21,,true,,48,0,31,76,239,0,0
1662356762827,86,Disconnect,200,Sub Group 2-14,,true,,11,0,31,76,0,0,0
1662356762914,245,Subscribe Message,200,Sub Group 2-23,,true,,48,0,30,75,245,0,0
1662356762747,167,Connect,200,Sub Group 2-35,,true,,11,0,30,75,0,0,0
1662356762915,246,Subscribe Message,200,Sub Group 2-22,,true,,48,0,30,75,246,0,0
1662356762743,173,Connect,200,Pub Group 1-35,,true,,11,0,45,75,0,0,0
1662356762920,288,Subscribe Message,200,Sub Group 2-18,,true,,49,0,31,76,288,0,0
1662356762921,289,Subscribe Message,200,Sub Group 2-19,,true,,49,0,31,76,289,0,0
1662356762754,168,Publish Message,200,Pub Group 1-6,,true,,20,48,45,76,168,0,0
1662356762922,225,Subscribe Message,200,Sub Group 2-20,,true,,49,0,31,76,225,0,0
1662356762839,83,Disconnect,200,Sub Group 2-15,,true,,11,0,31,76,0,0,0
1662356762757,169,Publish Message,200,Pub Group 1-16,,true,,20,49,45,75,169,0,0
1662356762759,168,Publish Message,200,Pub Group 1-26,,true,,20,49,45,75,168,0,0
1662356762759,170,Connect,200,Pub Group 1-36,,true,,11,0,45,75,0,0,0
1662356762769,164,Publish Message,200,Pub Group 1-17,,true,,20,49,46,76,164,0,0
1662356762766,170,Connect,200,Sub Group 2-36,,true,,11,0,30,76,0,0,0
1662356762938,240,Subscribe Message,200,Sub Group 2-21,,true,,49,0,31,77,240,0,0
1662356762938,240,Subscribe Message,200,Sub Group 2-24,,true,,49,0,31,77,240,0,0
1662356762774,168,Publish Message,200,Pub Group 1-7,,true,,20,48,46,77,168,0,0
1662356762943,268,Subscribe Message,200,Sub Group 2-26,,true,,49,0,31,77,268,0,0
1662356762944,245,Subscribe Message,200,Sub Group 2-23,,true,,49,0,31,77,245,0,0
1662356762945,248,Subscribe Message,200,Sub Group 2-22,,true,,49,0,31,77,248,0,0
1662356762776,169,Publish Message,200,Pub Group 1-27,,true,,20,49,46,77,169,0,0
1662356762946,271,Subscribe Message,200,Sub Group 2-25,,true,,49,0,31,77,271,0,0
1662356762779,173,Connect,200,Pub Group 1-37,,true,,11,0,47,78,0,0,0
1662356762787,167,Connect,200,Sub Group 2-37,,true,,11,0,31,78,0,0,0
1662356762874,84,Disconnect,200,Sub Group 2-16,,true,,11,0,32,79,0,0,0
1662356762799,168,Connect,200,Pub Group 1-38,,true,,11,0,47,78,0,0,0
1662356762803,169,Publish Message,200,Pub Group 1-28,,true,,20,49,48,80,169,0,0
1662356762973,265,Subscribe Message,200,Sub Group 2-26,,true,,48,0,32,80,265,0,0
1662356762976,268,Subscribe Message,200,Sub Group 2-25,,true,,48,0,32,80,268,0,0
1662356762816,164,Publish Message,200,Pub Group 1-29,,true,,20,49,48,80,164,0,0
1662356762807,175,Connect,200,Sub Group 2-38,,true,,11,0,32,80,0,0,0
1662356762820,163,Connect,200,Pub Group 1-39,,true,,11,0,48,80,0,0,0
1662356762826,167,Connect,200,Sub Group 2-39,,true,,11,0,32,80,0,0,0
1662356762997,298,Subscribe Message,200,Sub Group 2-27,,true,,49,0,33,82,298,0,0
1662356763003,261,Subscribe Message,200,Sub Group 2-26,,true,,49,0,33,82,261,0,0
1662356762837,167,Publish Message,200,Pub Group 1-8,,true,,20,48,49,82,167,0,0
1662356762837,167,Publish Message,200,Pub Group 1-19,,true,,20,49,49,82,167,0,0
1662356763006,264,Subscribe Message,200,Sub Group 2-25,,true,,49,0,33,82,264,0,0
1662356762839,168,Publish Message,200,Pub Group 1-20,,true,,20,49,49,82,168,0,0
1662356762839,170,Publish Message,200,Pub Group 1-18,,true,,20,49,49,82,170,0,0
1662356762843,169,Publish Message,200,Pub Group 1-10,,true,,20,49,50,83,169,0,0
1662356762841,172,Publish Message,200,Pub Group 1-9,,true,,20,48,50,83,172,0,0
1662356762844,170,Connect,200,Pub Group 1-40,,true,,11,0,50,83,0,0,0
1662356762852,163,Publish Message,200,Pub Group 1-1,,true,,20,48,50,83,163,0,0
1662356762933,82,Disconnect,200,Sub Group 2-17,,true,,11,0,33,83,0,0,0
1662356762847,171,Connect,200,Sub Group 2-40,,true,,11,0,33,83,0,0,0
1662356763018,287,Subscribe Message,200,Sub Group 2-28,,true,,49,0,33,83,287,0,0
1662356762847,172,Publish Message,200,Pub Group 1-30,,true,,20,49,50,83,172,0,0
1662356762854,167,Publish Message,200,Pub Group 1-21,,true,,20,49,50,83,167,0,0
1662356763027,298,Subscribe Message,200,Sub Group 2-27,,true,,48,0,33,83,298,0,0
1662356763029,275,Subscribe Message,200,Sub Group 2-29,,true,,48,0,33,83,275,0,0
1662356762865,165,Connect,200,Pub Group 1-41,,true,,11,0,50,83,0,0,0
1662356762862,171,Publish Message,200,Pub Group 1-11,,true,,20,49,50,83,171,0,0
1662356762862,172,Connect,200,Sub Group 2-41,,true,,11,0,33,83,0,0,0
1662356762865,171,Publish Message,200,Pub Group 1-31,,true,,20,49,50,83,171,0,0
1662356762951,86,Disconnect,200,Sub Group 2-18,,true,,11,0,33,83,0,0,0
1662356762951,87,Disconnect,200,Sub Group 2-19,,true,,11,0,32,82,0,0,0
1662356762872,167,Publish Message,200,Pub Group 1-12,,true,,20,49,50,81,167,0,0
1662356762953,86,Disconnect,200,Sub Group 2-20,,true,,11,0,31,81,0,0,0
1662356762885,163,Publish Message,200,Pub Group 1-13,,true,,20,49,50,80,163,0,0
1662356762879,169,Publish Message,200,Pub Group 1-32,,true,,20,49,50,80,169,0,0
1662356763049,280,Subscribe Message,200,Sub Group 2-30,,true,,49,0,30,80,280,0,0
1662356763049,246,Subscribe Message,200,Sub Group 2-31,,true,,49,0,30,80,246,0,0
1662356762880,169,Connect,200,Pub Group 1-42,,true,,11,0,50,80,0,0,0
1662356762879,171,Publish Message,200,Pub Group 1-2,,true,,20,48,50,80,171,0,0
1662356762883,170,Publish Message,200,Pub Group 1-22,,true,,20,49,50,80,170,0,0
1662356762969,84,Disconnect,200,Sub Group 2-24,,true,,11,0,30,80,0,0,0
1662356762893,162,Publish Message,200,Pub Group 1-4,,true,,20,48,50,79,162,0,0
1662356762969,86,Disconnect,200,Sub Group 2-21,,true,,11,0,29,79,0,0,0
1662356762946,171,Publish Message,200,Pub Group 1-35,,true,,20,49,50,78,171,0,0
1662356763034,82,Disconnect,200,Sub Group 2-26,,true,,11,0,28,78,0,0,0
1662356763113,250,Subscribe Message,200,Sub Group 2-35,,true,,49,0,28,78,250,0,0
1662356762937,169,Connect,200,Pub Group 1-45,,true,,11,0,50,78,0,0,0
1662356762937,167,Publish Message,200,Pub Group 1-25,,true,,20,49,50,78,167,0,0
1662356762929,167,Publish Message,200,Pub Group 1-5,,true,,20,48,50,78,167,0,0
1662356762926,168,Connect,200,Sub Group 2-44,,true,,11,0,28,78,0,0,0
1662356762922,170,Publish Message,200,Pub Group 1-34,,true,,20,49,50,78,170,0,0
1662356763091,244,Subscribe Message,200,Sub Group 2-34,,true,,49,0,28,78,244,0,0
1662356762920,170,Connect,200,Pub Group 1-44,,true,,11,0,50,78,0,0,0
1662356762925,165,Publish Message,200,Pub Group 1-15,,true,,20,49,50,78,165,0,0
1662356763088,233,Subscribe Message,200,Sub Group 2-31,,true,,49,0,28,78,233,0,0
1662356763088,275,Subscribe Message,200,Sub Group 2-30,,true,,48,0,28,78,275,0,0
1662356762914,168,Publish Message,200,Pub Group 1-14,,true,,20,49,50,78,168,0,0
1662356762906,171,Connect,200,Sub Group 2-43,,true,,11,0,28,78,0,0,0
1662356763072,285,Subscribe Message,200,Sub Group 2-27,,true,,49,0,28,78,285,0,0
1662356763072,272,Subscribe Message,200,Sub Group 2-29,,true,,49,0,28,78,272,0,0
1662356762903,168,Publish Message,200,Pub Group 1-33,,true,,20,49,50,78,168,0,0
1662356762906,163,Publish Message,200,Pub Group 1-24,,true,,20,49,50,78,163,0,0
1662356762899,169,Publish Message,200,Pub Group 1-3,,true,,20,48,50,78,169,0,0
1662356763066,229,Subscribe Message,200,Sub Group 2-33,,true,,49,0,28,78,229,0,0
1662356762976,86,Disconnect,200,Sub Group 2-22,,true,,11,0,28,78,0,0,0
1662356762897,169,Publish Message,200,Pub Group 1-23,,true,,20,49,50,78,169,0,0
1662356762897,164,Connect,200,Pub Group 1-43,,true,,11,0,50,78,0,0,0
1662356763060,242,Subscribe Message,200,Sub Group 2-32,,true,,49,0,28,78,242,0,0
1662356762975,85,Disconnect,200,Sub Group 2-23,,true,,11,0,28,78,0,0,0
1662356762886,173,Connect,200,Sub Group 2-42,,true,,11,0,28,78,0,0,0
1662356763056,286,Subscribe Message,200,Sub Group 2-28,,true,,48,0,28,78,286,0,0
1662356762951,167,Publish Message,200,Pub Group 1-6,,true,,20,48,50,75,167,0,0
1662356763037,85,Disconnect,200,Sub Group 2-25,,true,,11,0,25,75,0,0,0
1662356762956,168,Publish Message,200,Pub Group 1-26,,true,,20,49,50,74,168,0,0
1662356762956,170,Publish Message,200,Pub Group 1-16,,true,,20,49,50,74,170,0,0
1662356762960,167,Connect,200,Pub Group 1-46,,true,,11,0,50,74,0,0,0
1662356762959,168,Publish Message,200,Pub Group 1-36,,true,,20,49,50,74,168,0,0
1662356762947,181,Connect,200,Sub Group 2-45,,true,,11,0,24,74,0,0,0
1662356762964,165,Publish Message,200,Pub Group 1-17,,true,,20,49,50,74,165,0,0
1662356762968,166,Connect,200,Sub Group 2-46,,true,,11,0,24,74,0,0,0
1662356762972,168,Publish Message,200,Pub Group 1-7,,true,,20,48,50,74,168,0,0
1662356763143,258,Subscribe Message,200,Sub Group 2-36,,true,,49,0,24,74,258,0,0
1662356762976,169,Publish Message,200,Pub Group 1-27,,true,,20,49,50,74,169,0,0
1662356763149,270,Subscribe Message,200,Sub Group 2-29,,true,,49,0,24,74,270,0,0
1662356763149,239,Subscribe Message,200,Sub Group 2-34,,true,,48,0,24,74,239,0,0
1662356763149,274,Subscribe Message,200,Sub Group 2-30,,true,,49,0,24,74,274,0,0
1662356763149,212,Subscribe Message,200,Sub Group 2-31,,true,,49,0,24,74,212,0,0
1662356763149,248,Subscribe Message,200,Sub Group 2-35,,true,,49,0,24,74,248,0,0
1662356763149,222,Subscribe Message,200,Sub Group 2-32,,true,,49,0,24,74,222,0,0
1662356763149,280,Subscribe Message,200,Sub Group 2-28,,true,,49,0,24,74,280,0,0
1662356763149,229,Subscribe Message,200,Sub Group 2-33,,true,,48,0,24,74,229,0,0
1662356762980,173,Connect,200,Pub Group 1-47,,true,,11,0,50,74,0,0,0
1662356762983,170,Publish Message,200,Pub Group 1-37,,true,,20,49,50,74,170,0,0
1662356762987,173,Connect,200,Sub Group 2-47,,true,,11,0,24,74,0,0,0
1662356763162,263,Subscribe Message,200,Sub Group 2-37,,true,,48,0,24,74,263,0,0
1662356762997,168,Publish Message,200,Pub Group 1-38,,true,,20,49,50,74,168,0,0
1662356763002,168,Publish Message,200,Pub Group 1-28,,true,,20,49,50,74,168,0,0
1662356763000,170,Connect,200,Pub Group 1-48,,true,,11,0,50,74,0,0,0
1662356763001,171,Connect,200,Sub Group 2-48,,true,,11,0,24,74,0,0,0
1662356763010,164,Publish Message,200,Pub Group 1-29,,true,,20,49,50,74,164,0,0
1662356763013,163,Publish Message,200,Pub Group 1-39,,true,,20,49,50,74,163,0,0
1662356763180,227,Subscribe Message,200,Sub Group 2-33,,true,,49,0,24,74,227,0,0
1662356763180,248,Subscribe Message,200,Sub Group 2-36,,true,,48,0,24,74,248,0,0
1662356763180,237,Subscribe Message,200,Sub Group 2-34,,true,,49,0,24,74,237,0,0
1662356763180,241,Subscribe Message,200,Sub Group 2-35,,true,,49,0,24,74,241,0,0
1662356763180,222,Subscribe Message,200,Sub Group 2-32,,true,,48,0,24,74,222,0,0
1662356763196,259,Subscribe Message,200,Sub Group 2-37,,true,,49,0,24,74,259,0,0
1662356763027,172,Connect,200,Sub Group 2-49,,true,,11,0,24,74,0,0,0
1662356763025,174,Connect,200,Pub Group 1-49,,true,,11,0,50,74,0,0,0
1662356763035,167,Publish Message,200,Pub Group 1-19,,true,,20,49,50,74,167,0,0
1662356763035,167,Publish Message,200,Pub Group 1-8,,true,,20,48,50,74,167,0,0
1662356763038,170,Publish Message,200,Pub Group 1-20,,true,,20,49,50,74,170,0,0
1662356763208,262,Subscribe Message,200,Sub Group 2-39,,true,,49,0,24,74,262,0,0
1662356763046,163,Publish Message,200,Pub Group 1-1,,true,,20,48,50,74,163,0,0
1662356763039,170,Publish Message,200,Pub Group 1-18,,true,,20,49,50,74,170,0,0
1662356763209,272,Subscribe Message,200,Sub Group 2-38,,true,,49,0,24,74,272,0,0
1662356763212,244,Subscribe Message,200,Sub Group 2-36,,true,,49,0,24,74,244,0,0
1662356763045,167,Publish Message,200,Pub Group 1-40,,true,,20,49,50,74,167,0,0
1662356763043,170,Publish Message,200,Pub Group 1-10,,true,,20,49,50,74,170,0,0
1662356763044,172,Publish Message,200,Pub Group 1-9,,true,,20,48,50,74,172,0,0
1662356763041,177,Connect,200,Pub Group 1-50,,true,,11,0,50,74,0,0,0
1662356763056,168,Publish Message,200,Pub Group 1-21,,true,,20,49,50,74,168,0,0
1662356763227,257,Subscribe Message,200,Sub Group 2-37,,true,,49,0,24,74,257,0,0
1662356763056,173,Publish Message,200,Pub Group 1-30,,true,,20,49,50,74,173,0,0
1662356763056,173,Connect,200,Sub Group 2-50,,true,,11,0,24,74,0,0,0
1662356763149,85,Disconnect,200,Sub Group 2-27,,true,,11,0,24,74,0,0,0
1662356763072,164,Publish Message,200,Pub Group 1-41,,true,,20,49,50,73,164,0,0
1662356763072,168,Publish Message,200,Pub Group 1-12,,true,,20,49,50,73,168,0,0
1662356763241,264,Subscribe Message,200,Sub Group 2-40,,true,,49,0,23,73,264,0,0
1662356763072,171,Publish Message,200,Pub Group 1-11,,true,,20,49,50,73,171,0,0
1662356763072,171,Publish Message,200,Pub Group 1-31,,true,,20,49,50,73,171,0,0
1662356763243,245,Subscribe Message,200,Sub Group 2-41,,true,,49,0,23,73,245,0,0
1662356763244,257,Subscribe Message,200,Sub Group 2-39,,true,,48,0,23,73,257,0,0
1662356763243,263,Subscribe Message,200,Sub Group 2-38,,true,,49,0,23,73,263,0,0
1662356763088,162,Publish Message,200,Pub Group 1-4,,true,,20,48,50,73,162,0,0
1662356763088,163,Publish Message,200,Pub Group 1-13,,true,,20,49,50,73,163,0,0
1662356763088,166,Publish Message,200,Pub Group 1-42,,true,,20,49,50,73,166,0,0
1662356763088,167,Publish Message,200,Pub Group 1-32,,true,,20,49,50,73,167,0,0
1662356763088,170,Publish Message,200,Pub Group 1-22,,true,,20,49,50,73,170,0,0
1662356763088,170,Publish Message,200,Pub Group 1-2,,true,,20,48,50,73,170,0,0
1662356763180,85,Disconnect,200,Sub Group 2-31,,true,,11,0,23,73,0,0,0
1662356763180,85,Disconnect,200,Sub Group 2-29,,true,,11,0,23,73,0,0,0
1662356763180,88,Disconnect,200,Sub Group 2-30,,true,,11,0,21,71,0,0,0
1662356763180,89,Disconnect,200,Sub Group 2-28,,true,,11,0,20,70,0,0,0
1662356763273,240,Subscribe Message,200,Sub Group 2-41,,true,,49,0,19,69,240,0,0
1662356763273,257,Subscribe Message,200,Sub Group 2-40,,true,,49,0,19,69,257,0,0
1662356763288,252,Subscribe Message,200,Sub Group 2-39,,true,,49,0,19,69,252,0,0
1662356763288,258,Subscribe Message,200,Sub Group 2-38,,true,,48,0,19,69,258,0,0
1662356763212,89,Disconnect,200,Sub Group 2-35,,true,,11,0,19,69,0,0,0
1662356763212,90,Disconnect,200,Sub Group 2-34,,true,,11,0,18,68,0,0,0
1662356763212,90,Disconnect,200,Sub Group 2-32,,true,,11,0,18,68,0,0,0
1662356763212,91,Disconnect,200,Sub Group 2-33,,true,,11,0,16,66,0,0,0
1662356763304,235,Subscribe Message,200,Sub Group 2-41,,true,,49,0,15,65,235,0,0
1662356763304,246,Subscribe Message,200,Sub Group 2-40,,true,,49,0,15,65,246,0,0
1662356763149,164,Publish Message,200,Pub Group 1-24,,true,,20,49,50,65,164,0,0
1662356763149,164,Publish Message,200,Pub Group 1-43,,true,,20,49,50,65,164,0,0
1662356763149,166,Publish Message,200,Pub Group 1-15,,true,,20,49,50,65,166,0,0
1662356763149,168,Publish Message,200,Pub Group 1-5,,true,,20,48,50,65,168,0,0
1662356763149,168,Publish Message,200,Pub Group 1-44,,true,,20,49,50,65,168,0,0
1662356763149,168,Publish Message,200,Pub Group 1-33,,true,,20,49,50,65,168,0,0
1662356763317,229,Subscribe Message,200,Sub Group 2-46,,true,,48,0,15,65,229,0,0
1662356763149,168,Publish Message,200,Pub Group 1-6,,true,,20,48,50,65,168,0,0
1662356763149,168,Publish Message,200,Pub Group 1-45,,true,,20,49,50,65,168,0,0
1662356763149,168,Publish Message,200,Pub Group 1-25,,true,,20,49,50,65,168,0,0
1662356763149,169,Publish Message,200,Pub Group 1-14,,true,,20,49,50,65,169,0,0
1662356763149,169,Publish Message,200,Pub Group 1-23,,true,,20,49,50,65,169,0,0
1662356763319,247,Subscribe Message,200,Sub Group 2-43,,true,,49,0,15,65,247,0,0
1662356763149,170,Publish Message,200,Pub Group 1-3,,true,,20,48,50,65,170,0,0
1662356763149,170,Publish Message,200,Pub Group 1-34,,true,,20,49,50,65,170,0,0
1662356763149,172,Publish Message,200,Pub Group 1-35,,true,,20,49,50,65,172,0,0
1662356763323,245,Subscribe Message,200,Sub Group 2-44,,true,,49,0,15,65,245,0,0
1662356763327,246,Subscribe Message,200,Sub Group 2-42,,true,,49,0,15,65,246,0,0
1662356763165,163,Publish Message,200,Pub Group 1-46,,true,,20,49,50,65,163,0,0
1662356763328,235,Subscribe Message,200,Sub Group 2-45,,true,,48,0,15,65,235,0,0
1662356763165,164,Publish Message,200,Pub Group 1-17,,true,,20,49,50,65,164,0,0
1662356763244,86,Disconnect,200,Sub Group 2-36,,true,,11,0,15,65,0,0,0
1662356763165,168,Publish Message,200,Pub Group 1-36,,true,,20,49,50,64,168,0,0
1662356763165,168,Publish Message,200,Pub Group 1-26,,true,,20,49,50,64,168,0,0
1662356763165,170,Publish Message,200,Pub Group 1-16,,true,,20,49,50,64,170,0,0
1662356763335,185,Subscribe Message,200,Sub Group 2-48,,true,,49,0,14,64,185,0,0
1662356763335,186,Subscribe Message,200,Sub Group 2-47,,true,,49,0,14,64,186,0,0
1662356763258,86,Disconnect,200,Sub Group 2-37,,true,,11,0,14,64,0,0,0
1662356763180,169,Publish Message,200,Pub Group 1-7,,true,,20,48,50,63,169,0,0
1662356763180,169,Publish Message,200,Pub Group 1-27,,true,,20,49,50,63,169,0,0
1662356763351,229,Subscribe Message,200,Sub Group 2-46,,true,,49,0,13,63,229,0,0
1662356763351,247,Subscribe Message,200,Sub Group 2-43,,true,,49,0,13,63,247,0,0
1662356763196,167,Publish Message,200,Pub Group 1-38,,true,,20,49,50,63,167,0,0
1662356763196,169,Publish Message,200,Pub Group 1-47,,true,,20,49,50,63,169,0,0
1662356763196,170,Publish Message,200,Pub Group 1-37,,true,,20,49,50,63,170,0,0
1662356763366,245,Subscribe Message,200,Sub Group 2-44,,true,,49,0,13,63,245,0,0
1662356763366,235,Subscribe Message,200,Sub Group 2-45,,true,,49,0,13,63,235,0,0
1662356763366,251,Subscribe Message,200,Sub Group 2-42,,true,,49,0,13,63,251,0,0
1662356763367,185,Subscribe Message,200,Sub Group 2-48,,true,,49,0,13,63,185,0,0
1662356763367,186,Subscribe Message,200,Sub Group 2-47,,true,,49,0,13,63,186,0,0
1662356763212,164,Publish Message,200,Pub Group 1-39,,true,,20,49,50,63,164,0,0
1662356763212,164,Publish Message,200,Pub Group 1-29,,true,,20,49,50,63,164,0,0
1662356763212,169,Publish Message,200,Pub Group 1-28,,true,,20,49,50,63,169,0,0
1662356763212,169,Publish Message,200,Pub Group 1-48,,true,,20,49,50,63,169,0,0
1662356763382,230,Subscribe Message,200,Sub Group 2-46,,true,,49,0,13,63,230,0,0
1662356763382,251,Subscribe Message,200,Sub Group 2-43,,true,,49,0,13,63,251,0,0
1662356763397,237,Subscribe Message,200,Sub Group 2-45,,true,,49,0,13,63,237,0,0
1662356763397,253,Subscribe Message,200,Sub Group 2-42,,true,,49,0,13,63,253,0,0
1662356763397,186,Subscribe Message,200,Sub Group 2-48,,true,,49,0,13,63,186,0,0
1662356763397,190,Subscribe Message,200,Sub Group 2-47,,true,,49,0,13,63,190,0,0
1662356763397,246,Subscribe Message,200,Sub Group 2-44,,true,,49,0,13,63,246,0,0
1662356763319,87,Disconnect,200,Sub Group 2-39,,true,,11,0,13,63,0,0,0
1662356763243,165,Publish Message,200,Pub Group 1-1,,true,,20,48,50,62,165,0,0
1662356763319,91,Disconnect,200,Sub Group 2-38,,true,,11,0,12,62,0,0,0
1662356763243,168,Publish Message,200,Pub Group 1-19,,true,,20,49,50,61,168,0,0
1662356763243,169,Publish Message,200,Pub Group 1-8,,true,,20,48,50,61,169,0,0
1662356763244,168,Publish Message,200,Pub Group 1-40,,true,,20,49,50,61,168,0,0
1662356763243,169,Publish Message,200,Pub Group 1-20,,true,,20,49,50,61,169,0,0
1662356763243,169,Publish Message,200,Pub Group 1-49,,true,,20,49,50,61,169,0,0
1662356763412,246,Subscribe Message,200,Sub Group 2-49,,true,,49,0,11,61,246,0,0
1662356763244,170,Publish Message,200,Pub Group 1-10,,true,,20,49,50,61,170,0,0
1662356763243,171,Publish Message,200,Pub Group 1-18,,true,,20,49,50,61,171,0,0
1662356763335,89,Disconnect,200,Sub Group 2-41,,true,,11,0,11,61,0,0,0
1662356763335,90,Disconnect,200,Sub Group 2-40,,true,,11,0,11,61,0,0,0
1662356763259,168,Publish Message,200,Pub Group 1-21,,true,,20,49,50,59,168,0,0
1662356763258,169,Publish Message,200,Pub Group 1-50,,true,,20,49,50,59,169,0,0
1662356763258,172,Publish Message,200,Pub Group 1-9,,true,,20,48,50,59,172,0,0
1662356763434,231,Subscribe Message,200,Sub Group 2-50,,true,,49,0,9,59,231,0,0
1662356763273,165,Publish Message,200,Pub Group 1-41,,true,,20,49,50,59,165,0,0
1662356763273,168,Publish Message,200,Pub Group 1-12,,true,,20,49,50,59,168,0,0
1662356763273,172,Publish Message,200,Pub Group 1-31,,true,,20,49,50,59,172,0,0
1662356763273,172,Publish Message,200,Pub Group 1-11,,true,,20,49,50,59,172,0,0
1662356763445,246,Subscribe Message,200,Sub Group 2-49,,true,,49,0,9,59,246,0,0
1662356763273,173,Publish Message,200,Pub Group 1-30,,true,,20,49,50,59,173,0,0
1662356763288,163,Publish Message,200,Pub Group 1-4,,true,,20,48,50,59,163,0,0
1662356763288,163,Publish Message,200,Pub Group 1-13,,true,,20,49,50,59,163,0,0
1662356763288,168,Publish Message,200,Pub Group 1-42,,true,,20,49,50,59,168,0,0
1662356763288,168,Publish Message,200,Pub Group 1-32,,true,,20,49,50,59,168,0,0
1662356763288,171,Publish Message,200,Pub Group 1-22,,true,,20,49,50,59,171,0,0
1662356763288,171,Publish Message,200,Pub Group 1-2,,true,,20,48,50,59,171,0,0
1662356763475,247,Subscribe Message,200,Sub Group 2-49,,true,,49,0,9,59,247,0,0
1662356763475,234,Subscribe Message,200,Sub Group 2-50,,true,,49,0,9,59,234,0,0
1662356763412,87,Disconnect,200,Sub Group 2-46,,true,,11,0,9,59,0,0,0
1662356763412,90,Disconnect,200,Sub Group 2-43,,true,,11,0,8,58,0,0,0
1662356763506,235,Subscribe Message,200,Sub Group 2-50,,true,,49,0,7,57,235,0,0
1662356763351,163,Publish Message,200,Pub Group 1-43,,true,,20,49,50,57,163,0,0
1662356763351,163,Publish Message,200,Pub Group 1-24,,true,,20,49,50,57,163,0,0
1662356763351,165,Publish Message,200,Pub Group 1-15,,true,,20,49,50,57,165,0,0
1662356763428,88,Disconnect,200,Sub Group 2-44,,true,,11,0,7,57,0,0,0
1662356763428,88,Disconnect,200,Sub Group 2-42,,true,,11,0,6,56,0,0,0
1662356763351,166,Publish Message,200,Pub Group 1-5,,true,,20,48,50,55,166,0,0
1662356763351,167,Publish Message,200,Pub Group 1-44,,true,,20,49,50,55,167,0,0
1662356763428,90,Disconnect,200,Sub Group 2-47,,true,,11,0,5,55,0,0,0
1662356763428,90,Disconnect,200,Sub Group 2-48,,true,,11,0,5,55,0,0,0
1662356763351,167,Publish Message,200,Pub Group 1-33,,true,,20,49,50,53,167,0,0
1662356763351,167,Publish Message,200,Pub Group 1-6,,true,,20,48,50,53,167,0,0
1662356763351,167,Publish Message,200,Pub Group 1-25,,true,,20,49,50,53,167,0,0
1662356763351,168,Publish Message,200,Pub Group 1-14,,true,,20,49,50,53,168,0,0
1662356763351,168,Publish Message,200,Pub Group 1-45,,true,,20,49,50,53,168,0,0
1662356763351,168,Publish Message,200,Pub Group 1-23,,true,,20,49,50,53,168,0,0
1662356763428,91,Disconnect,200,Sub Group 2-45,,true,,11,0,3,53,0,0,0
1662356763351,169,Publish Message,200,Pub Group 1-3,,true,,20,48,50,52,169,0,0
1662356763351,169,Publish Message,200,Pub Group 1-34,,true,,20,49,50,52,169,0,0
1662356763366,164,Publish Message,200,Pub Group 1-46,,true,,20,49,50,52,164,0,0
1662356763366,164,Publish Message,200,Pub Group 1-17,,true,,20,49,50,52,164,0,0
1662356763367,168,Publish Message,200,Pub Group 1-36,,true,,20,49,50,52,168,0,0
1662356763367,168,Publish Message,200,Pub Group 1-26,,true,,20,49,50,52,168,0,0
1662356763367,169,Publish Message,200,Pub Group 1-16,,true,,20,49,50,52,169,0,0
1662356763366,172,Publish Message,200,Pub Group 1-35,,true,,20,49,50,52,172,0,0
1662356763382,168,Publish Message,200,Pub Group 1-27,,true,,20,49,50,52,168,0,0
1662356763382,168,Publish Message,200,Pub Group 1-7,,true,,20,48,50,52,168,0,0
1662356763445,170,Publish Message,200,Pub Group 1-10,,true,,20,49,50,52,170,0,0
1662356763445,170,Publish Message,200,Pub Group 1-18,,true,,20,49,50,52,170,0,0
1662356763445,168,Publish Message,200,Pub Group 1-49,,true,,20,49,50,52,168,0,0
1662356763445,168,Publish Message,200,Pub Group 1-40,,true,,20,49,50,52,168,0,0
1662356763445,168,Publish Message,200,Pub Group 1-20,,true,,20,49,50,52,168,0,0
1662356763445,167,Publish Message,200,Pub Group 1-8,,true,,20,48,50,52,167,0,0
1662356763445,167,Publish Message,200,Pub Group 1-19,,true,,20,49,50,52,167,0,0
1662356763444,165,Publish Message,200,Pub Group 1-1,,true,,20,48,50,52,165,0,0
1662356763506,87,Disconnect,200,Sub Group 2-49,,true,,11,0,2,52,0,0,0
1662356763412,169,Publish Message,200,Pub Group 1-28,,true,,20,49,50,52,169,0,0
1662356763412,168,Publish Message,200,Pub Group 1-48,,true,,20,49,50,52,168,0,0
1662356763412,165,Publish Message,200,Pub Group 1-29,,true,,20,49,50,52,165,0,0
1662356763412,164,Publish Message,200,Pub Group 1-39,,true,,20,49,50,52,164,0,0
1662356763397,170,Publish Message,200,Pub Group 1-37,,true,,20,49,50,52,170,0,0
1662356763397,169,Publish Message,200,Pub Group 1-47,,true,,20,49,50,52,169,0,0
1662356763397,169,Publish Message,200,Pub Group 1-38,,true,,20,49,50,52,169,0,0
1662356763537,85,Disconnect,200,Sub Group 2-50,,true,,11,0,1,51,0,0,0
1662356763459,169,Publish Message,200,Pub Group 1-21,,true,,20,49,50,50,169,0,0
1662356763459,171,Publish Message,200,Pub Group 1-50,,true,,20,49,50,50,171,0,0
1662356763475,164,Publish Message,200,Pub Group 1-41,,true,,20,49,50,50,164,0,0
1662356763475,168,Publish Message,200,Pub Group 1-12,,true,,20,49,50,50,168,0,0
1662356763475,171,Publish Message,200,Pub Group 1-11,,true,,20,49,50,50,171,0,0
1662356763475,171,Publish Message,200,Pub Group 1-31,,true,,20,49,50,50,171,0,0
1662356763475,172,Publish Message,200,Pub Group 1-9,,true,,20,48,50,50,172,0,0
1662356763490,162,Publish Message,200,Pub Group 1-4,,true,,20,48,50,50,162,0,0
1662356763490,163,Publish Message,200,Pub Group 1-13,,true,,20,49,50,50,163,0,0
1662356763490,167,Publish Message,200,Pub Group 1-32,,true,,20,49,50,50,167,0,0
1662356763490,167,Publish Message,200,Pub Group 1-42,,true,,20,49,50,50,167,0,0
1662356763490,170,Publish Message,200,Pub Group 1-22,,true,,20,49,50,50,170,0,0
1662356763490,170,Publish Message,200,Pub Group 1-2,,true,,20,48,50,50,170,0,0
1662356763490,173,Publish Message,200,Pub Group 1-30,,true,,20,49,50,50,173,0,0
1662356763552,165,Publish Message,200,Pub Group 1-43,,true,,20,49,50,50,165,0,0
1662356763552,165,Publish Message,200,Pub Group 1-24,,true,,20,49,50,50,165,0,0
1662356763552,166,Publish Message,200,Pub Group 1-15,,true,,20,49,50,50,166,0,0
1662356763552,167,Publish Message,200,Pub Group 1-5,,true,,20,48,50,50,167,0,0
1662356763552,169,Publish Message,200,Pub Group 1-44,,true,,20,49,50,50,169,0,0
1662356763552,169,Publish Message,200,Pub Group 1-25,,true,,20,49,50,50,169,0,0
1662356763552,169,Publish Message,200,Pub Group 1-33,,true,,20,49,50,50,169,0,0
1662356763552,169,Publish Message,200,Pub Group 1-6,,true,,20,48,50,50,169,0,0
1662356763552,169,Publish Message,200,Pub Group 1-23,,true,,20,49,50,50,169,0,0
1662356763552,169,Publish Message,200,Pub Group 1-14,,true,,20,49,50,50,169,0,0
1662356763552,169,Publish Message,200,Pub Group 1-45,,true,,20,49,50,50,169,0,0
1662356763552,170,Publish Message,200,Pub Group 1-3,,true,,20,48,50,50,170,0,0
1662356763552,171,Publish Message,200,Pub Group 1-34,,true,,20,49,50,50,171,0,0
1662356763567,162,Publish Message,200,Pub Group 1-46,,true,,20,49,50,50,162,0,0
1662356763567,164,Publish Message,200,Pub Group 1-17,,true,,20,49,50,50,164,0,0
1662356763567,168,Publish Message,200,Pub Group 1-36,,true,,20,49,50,50,168,0,0
1662356763567,168,Publish Message,200,Pub Group 1-26,,true,,20,49,50,50,168,0,0
1662356763567,169,Publish Message,200,Pub Group 1-16,,true,,20,49,50,50,169,0,0
1662356763583,168,Publish Message,200,Pub Group 1-7,,true,,20,48,50,50,168,0,0
1662356763583,168,Publish Message,200,Pub Group 1-27,,true,,20,49,50,50,168,0,0
1662356763583,172,Publish Message,200,Pub Group 1-35,,true,,20,49,50,50,172,0,0
1662356763645,164,Publish Message,200,Pub Group 1-1,,true,,20,48,50,50,164,0,0
1662356763645,164,Publish Message,200,Pub Group 1-39,,true,,20,49,50,50,164,0,0
1662356763645,165,Publish Message,200,Pub Group 1-29,,true,,20,49,50,50,165,0,0
1662356763645,168,Publish Message,200,Pub Group 1-19,,true,,20,49,50,50,168,0,0
1662356763645,168,Publish Message,200,Pub Group 1-20,,true,,20,49,50,50,168,0,0
1662356763645,168,Publish Message,200,Pub Group 1-8,,true,,20,48,50,50,168,0,0
1662356763645,168,Publish Message,200,Pub Group 1-38,,true,,20,49,50,50,168,0,0
1662356763645,168,Publish Message,200,Pub Group 1-48,,true,,20,49,50,50,168,0,0
1662356763645,169,Publish Message,200,Pub Group 1-49,,true,,20,49,50,50,169,0,0
1662356763645,169,Publish Message,200,Pub Group 1-40,,true,,20,49,50,50,169,0,0
1662356763645,169,Publish Message,200,Pub Group 1-28,,true,,20,49,50,50,169,0,0
1662356763645,169,Publish Message,200,Pub Group 1-47,,true,,20,49,50,50,169,0,0
1662356763645,170,Publish Message,200,Pub Group 1-10,,true,,20,49,50,50,170,0,0
1662356763645,170,Publish Message,200,Pub Group 1-18,,true,,20,49,50,50,170,0,0
1662356763645,170,Publish Message,200,Pub Group 1-37,,true,,20,49,50,50,170,0,0
1662356763660,169,Publish Message,200,Pub Group 1-21,,true,,20,49,50,50,169,0,0
1662356763660,171,Publish Message,200,Pub Group 1-50,,true,,20,49,50,50,171,0,0
1662356763676,165,Publish Message,200,Pub Group 1-41,,true,,20,49,50,50,165,0,0
1662356763676,168,Publish Message,200,Pub Group 1-12,,true,,20,49,50,50,168,0,0
1662356763691,162,Publish Message,200,Pub Group 1-4,,true,,20,48,50,50,162,0,0
1662356763691,163,Publish Message,200,Pub Group 1-13,,true,,20,49,50,50,163,0,0
1662356763691,167,Publish Message,200,Pub Group 1-32,,true,,20,49,50,50,167,0,0
1662356763691,167,Publish Message,200,Pub Group 1-42,,true,,20,49,50,50,167,0,0
1662356763691,171,Publish Message,200,Pub Group 1-22,,true,,20,49,50,50,171,0,0
1662356763691,171,Publish Message,200,Pub Group 1-2,,true,,20,48,50,50,171,0,0
1662356763691,171,Publish Message,200,Pub Group 1-11,,true,,20,49,50,50,171,0,0
1662356763691,171,Publish Message,200,Pub Group 1-31,,true,,20,49,50,50,171,0,0
1662356763691,172,Publish Message,200,Pub Group 1-9,,true,,20,48,50,50,172,0,0
1662356763706,174,Publish Message,200,Pub Group 1-30,,true,,20,49,50,50,174,0,0
1662356763754,167,Publish Message,200,Pub Group 1-24,,true,,20,49,50,50,167,0,0
1662356763754,167,Publish Message,200,Pub Group 1-43,,true,,20,49,50,50,167,0,0
1662356763754,168,Publish Message,200,Pub Group 1-15,,true,,20,49,50,50,168,0,0
1662356763754,170,Publish Message,200,Pub Group 1-45,,true,,20,49,50,50,170,0,0
1662356763754,170,Publish Message,200,Pub Group 1-5,,true,,20,48,50,50,170,0,0
1662356763754,170,Publish Message,200,Pub Group 1-6,,true,,20,48,50,50,170,0,0
1662356763754,170,Publish Message,200,Pub Group 1-33,,true,,20,49,50,50,170,0,0
1662356763754,170,Publish Message,200,Pub Group 1-44,,true,,20,49,50,50,170,0,0
1662356763754,172,Publish Message,200,Pub Group 1-25,,true,,20,49,50,50,172,0,0
1662356763754,172,Publish Message,200,Pub Group 1-23,,true,,20,49,50,50,172,0,0
1662356763754,172,Publish Message,200,Pub Group 1-14,,true,,20,49,50,50,172,0,0
1662356763754,173,Publish Message,200,Pub Group 1-34,,true,,20,49,50,50,173,0,0
1662356763754,173,Publish Message,200,Pub Group 1-3,,true,,20,48,50,50,173,0,0
1662356763770,164,Publish Message,200,Pub Group 1-46,,true,,20,49,50,50,164,0,0
1662356763770,165,Publish Message,200,Pub Group 1-17,,true,,20,49,50,50,165,0,0
1662356763770,169,Publish Message,200,Pub Group 1-36,,true,,20,49,50,50,169,0,0
1662356763770,169,Publish Message,200,Pub Group 1-26,,true,,20,49,50,50,169,0,0
1662356763770,171,Publish Message,200,Pub Group 1-16,,true,,20,49,50,50,171,0,0
1662356763785,171,Publish Message,200,Pub Group 1-7,,true,,20,48,50,50,171,0,0
1662356763785,171,Publish Message,200,Pub Group 1-27,,true,,20,49,50,50,171,0,0
1662356763785,173,Publish Message,200,Pub Group 1-35,,true,,20,49,50,50,173,0,0
1662356763847,165,Publish Message,200,Pub Group 1-1,,true,,20,48,50,50,165,0,0
1662356763847,165,Publish Message,200,Pub Group 1-39,,true,,20,49,50,50,165,0,0
1662356763847,165,Publish Message,200,Pub Group 1-29,,true,,20,49,50,50,165,0,0
1662356763847,169,Publish Message,200,Pub Group 1-19,,true,,20,49,50,50,169,0,0
1662356763847,169,Publish Message,200,Pub Group 1-38,,true,,20,49,50,50,169,0,0
1662356763848,168,Publish Message,200,Pub Group 1-48,,true,,20,49,50,50,168,0,0
1662356763848,168,Publish Message,200,Pub Group 1-8,,true,,20,48,50,50,168,0,0
1662356763847,169,Publish Message,200,Pub Group 1-20,,true,,20,49,50,50,169,0,0
1662356763847,170,Publish Message,200,Pub Group 1-28,,true,,20,49,50,50,170,0,0
1662356763847,170,Publish Message,200,Pub Group 1-40,,true,,20,49,50,50,170,0,0
1662356763847,170,Publish Message,200,Pub Group 1-49,,true,,20,49,50,50,170,0,0
1662356763847,170,Publish Message,200,Pub Group 1-47,,true,,20,49,50,50,170,0,0
1662356763847,171,Publish Message,200,Pub Group 1-10,,true,,20,49,50,50,171,0,0
1662356763847,172,Publish Message,200,Pub Group 1-37,,true,,20,49,50,50,172,0,0
1662356763847,172,Publish Message,200,Pub Group 1-18,,true,,20,49,50,50,172,0,0
1662356763863,169,Publish Message,200,Pub Group 1-21,,true,,20,49,50,50,169,0,0
1662356763863,170,Publish Message,200,Pub Group 1-50,,true,,20,49,50,50,170,0,0
1662356763878,164,Publish Message,200,Pub Group 1-41,,true,,20,49,50,50,164,0,0
1662356763878,169,Publish Message,200,Pub Group 1-12,,true,,20,49,50,50,169,0,0
1662356763894,162,Publish Message,200,Pub Group 1-4,,true,,20,48,50,50,162,0,0
1662356763894,164,Publish Message,200,Pub Group 1-13,,true,,20,49,50,50,164,0,0
1662356763894,168,Publish Message,200,Pub Group 1-42,,true,,20,49,50,50,168,0,0
1662356763894,168,Publish Message,200,Pub Group 1-32,,true,,20,49,50,50,168,0,0
1662356763894,170,Publish Message,200,Pub Group 1-22,,true,,20,49,50,50,170,0,0
1662356763894,170,Publish Message,200,Pub Group 1-31,,true,,20,49,50,50,170,0,0
1662356763894,170,Publish Message,200,Pub Group 1-2,,true,,20,48,50,50,170,0,0
1662356763894,170,Publish Message,200,Pub Group 1-11,,true,,20,49,50,50,170,0,0
1662356763894,172,Publish Message,200,Pub Group 1-9,,true,,20,48,50,50,172,0,0
1662356763956,169,Publish Message,200,Pub Group 1-14,,true,,20,49,50,50,169,0,0
1662356763956,169,Publish Message,200,Pub Group 1-45,,true,,20,49,50,50,169,0,0
1662356763956,169,Publish Message,200,Pub Group 1-25,,true,,20,49,50,50,169,0,0
1662356763956,167,Publish Message,200,Pub Group 1-23,,true,,20,49,50,50,167,0,0
1662356763956,167,Publish Message,200,Pub Group 1-6,,true,,20,48,50,50,167,0,0
1662356763956,167,Publish Message,200,Pub Group 1-33,,true,,20,49,50,50,167,0,0
1662356763956,167,Publish Message,200,Pub Group 1-44,,true,,20,49,50,50,167,0,0
1662356763956,167,Publish Message,200,Pub Group 1-5,,true,,20,48,50,50,167,0,0
1662356763956,165,Publish Message,200,Pub Group 1-15,,true,,20,49,50,50,165,0,0
1662356763956,164,Publish Message,200,Pub Group 1-24,,true,,20,49,50,50,164,0,0
1662356763956,164,Publish Message,200,Pub Group 1-43,,true,,20,49,50,50,164,0,0
1662356763925,174,Publish Message,200,Pub Group 1-30,,true,,20,49,50,50,174,0,0
1662356763972,164,Publish Message,200,Pub Group 1-46,,true,,20,49,50,50,164,0,0
1662356763972,166,Publish Message,200,Pub Group 1-17,,true,,20,49,50,50,166,0,0
1662356763972,168,Publish Message,200,Pub Group 1-36,,true,,20,49,50,50,168,0,0
1662356763972,169,Publish Message,200,Pub Group 1-26,,true,,20,49,50,50,169,0,0
1662356763972,169,Publish Message,200,Pub Group 1-16,,true,,20,49,50,50,169,0,0
1662356763972,170,Publish Message,200,Pub Group 1-3,,true,,20,48,50,50,170,0,0
1662356763972,170,Publish Message,200,Pub Group 1-34,,true,,20,49,50,50,170,0,0
1662356763988,168,Publish Message,200,Pub Group 1-7,,true,,20,48,50,50,168,0,0
1662356763988,168,Publish Message,200,Pub Group 1-27,,true,,20,49,50,50,168,0,0
1662356763988,172,Publish Message,200,Pub Group 1-35,,true,,20,49,50,50,172,0,0
1662356764051,164,Publish Message,200,Pub Group 1-39,,true,,20,49,50,50,164,0,0
1662356764050,165,Publish Message,200,Pub Group 1-29,,true,,20,49,50,50,165,0,0
1662356764050,165,Publish Message,200,Pub Group 1-1,,true,,20,48,50,50,165,0,0
1662356764050,168,Publish Message,200,Pub Group 1-38,,true,,20,49,50,50,168,0,0
1662356764050,168,Publish Message,200,Pub Group 1-48,,true,,20,49,50,50,168,0,0
1662356764050,168,Publish Message,200,Pub Group 1-19,,true,,20,49,50,50,168,0,0
1662356764050,168,Publish Message,200,Pub Group 1-20,,true,,20,49,50,50,168,0,0
1662356764050,168,Publish Message,200,Pub Group 1-8,,true,,20,48,50,50,168,0,0
1662356764050,169,Publish Message,200,Pub Group 1-40,,true,,20,49,50,50,169,0,0
1662356764050,169,Publish Message,200,Pub Group 1-28,,true,,20,49,50,50,169,0,0
1662356764050,169,Publish Message,200,Pub Group 1-49,,true,,20,49,50,50,169,0,0
1662356764050,169,Publish Message,200,Pub Group 1-47,,true,,20,49,50,50,169,0,0
1662356764050,171,Publish Message,200,Pub Group 1-37,,true,,20,49,50,50,171,0,0
1662356764050,171,Publish Message,200,Pub Group 1-10,,true,,20,49,50,50,171,0,0
1662356764050,171,Publish Message,200,Pub Group 1-18,,true,,20,49,50,50,171,0,0
1662356764066,169,Publish Message,200,Pub Group 1-21,,true,,20,49,50,50,169,0,0
1662356764066,170,Publish Message,200,Pub Group 1-50,,true,,20,49,50,50,170,0,0
1662356764081,165,Publish Message,200,Pub Group 1-41,,true,,20,49,50,50,165,0,0
1662356764081,168,Publish Message,200,Pub Group 1-12,,true,,20,49,50,50,168,0,0
1662356764097,163,Publish Message,200,Pub Group 1-4,,true,,20,48,50,50,163,0,0
1662356764097,164,Publish Message,200,Pub Group 1-13,,true,,20,49,50,50,164,0,0
1662356764097,167,Publish Message,200,Pub Group 1-32,,true,,20,49,50,50,167,0,0
1662356764097,167,Publish Message,200,Pub Group 1-42,,true,,20,49,50,50,167,0,0
1662356764097,171,Publish Message,200,Pub Group 1-31,,true,,20,49,50,50,171,0,0
1662356764097,171,Publish Message,200,Pub Group 1-11,,true,,20,49,50,50,171,0,0
1662356764097,171,Publish Message,200,Pub Group 1-2,,true,,20,48,50,50,171,0,0
1662356764097,171,Publish Message,200,Pub Group 1-22,,true,,20,49,50,50,171,0,0
1662356764097,172,Publish Message,200,Pub Group 1-9,,true,,20,48,50,50,172,0,0
1662356764253,83,Disconnect,200,Pub Group 1-1,,true,,11,0,50,50,0,0,0
1662356764176,162,Publish Message,200,Pub Group 1-46,,true,,20,49,49,49,162,0,0
1662356764176,163,Publish Message,200,Pub Group 1-24,,true,,20,49,49,49,163,0,0
1662356764176,163,Publish Message,200,Pub Group 1-43,,true,,20,49,49,49,163,0,0
1662356764176,165,Publish Message,200,Pub Group 1-15,,true,,20,49,49,49,165,0,0
1662356764176,165,Publish Message,200,Pub Group 1-17,,true,,20,49,49,49,165,0,0
1662356764176,167,Publish Message,200,Pub Group 1-6,,true,,20,48,49,49,167,0,0
1662356764176,167,Publish Message,200,Pub Group 1-5,,true,,20,48,49,49,167,0,0
1662356764176,168,Publish Message,200,Pub Group 1-25,,true,,20,49,49,49,168,0,0
1662356764176,168,Publish Message,200,Pub Group 1-33,,true,,20,49,49,49,168,0,0
1662356764176,168,Publish Message,200,Pub Group 1-45,,true,,20,49,49,49,168,0,0
1662356764176,168,Publish Message,200,Pub Group 1-36,,true,,20,49,49,49,168,0,0
1662356764176,168,Publish Message,200,Pub Group 1-14,,true,,20,49,49,49,168,0,0
1662356764176,168,Publish Message,200,Pub Group 1-44,,true,,20,49,49,49,168,0,0
1662356764176,168,Publish Message,200,Pub Group 1-23,,true,,20,49,49,49,168,0,0
1662356764176,169,Publish Message,200,Pub Group 1-26,,true,,20,49,49,49,169,0,0
1662356764176,170,Publish Message,200,Pub Group 1-34,,true,,20,49,49,49,170,0,0
1662356764176,170,Publish Message,200,Pub Group 1-3,,true,,20,48,49,49,170,0,0
1662356764176,170,Publish Message,200,Pub Group 1-16,,true,,20,49,49,49,170,0,0
1662356764176,173,Publish Message,200,Pub Group 1-30,,true,,20,49,49,49,173,0,0
1662356764192,169,Publish Message,200,Pub Group 1-7,,true,,20,48,49,49,169,0,0
1662356764192,169,Publish Message,200,Pub Group 1-27,,true,,20,49,49,49,169,0,0
1662356764192,173,Publish Message,200,Pub Group 1-35,,true,,20,49,49,49,173,0,0
1662356764300,84,Disconnect,200,Pub Group 1-4,,true,,11,0,49,49,0,0,0
1662356764300,86,Disconnect,200,Pub Group 1-2,,true,,11,0,48,48,0,0,0
1662356764253,164,Publish Message,200,Pub Group 1-39,,true,,20,49,47,47,164,0,0
1662356764253,165,Publish Message,200,Pub Group 1-29,,true,,20,49,47,47,165,0,0
1662356764253,168,Publish Message,200,Pub Group 1-48,,true,,20,49,47,47,168,0,0
1662356764253,168,Publish Message,200,Pub Group 1-38,,true,,20,49,47,47,168,0,0
1662356764253,168,Publish Message,200,Pub Group 1-8,,true,,20,48,47,47,168,0,0
1662356764253,168,Publish Message,200,Pub Group 1-20,,true,,20,49,47,47,168,0,0
1662356764253,168,Publish Message,200,Pub Group 1-19,,true,,20,49,47,47,168,0,0
1662356764253,168,Publish Message,200,Pub Group 1-49,,true,,20,49,47,47,168,0,0
1662356764253,168,Publish Message,200,Pub Group 1-28,,true,,20,49,47,47,168,0,0
1662356764253,169,Publish Message,200,Pub Group 1-40,,true,,20,49,47,47,169,0,0
1662356764253,169,Publish Message,200,Pub Group 1-47,,true,,20,49,47,47,169,0,0
1662356764253,170,Publish Message,200,Pub Group 1-18,,true,,20,49,47,47,170,0,0
1662356764253,170,Publish Message,200,Pub Group 1-10,,true,,20,49,47,47,170,0,0
1662356764253,171,Publish Message,200,Pub Group 1-37,,true,,20,49,47,47,171,0,0
1662356764269,168,Publish Message,200,Pub Group 1-21,,true,,20,49,47,47,168,0,0
1662356764269,170,Publish Message,200,Pub Group 1-50,,true,,20,49,47,47,170,0,0
1662356764285,165,Publish Message,200,Pub Group 1-41,,true,,20,49,47,47,165,0,0
1662356764285,168,Publish Message,200,Pub Group 1-12,,true,,20,49,47,47,168,0,0
1662356764300,163,Publish Message,200,Pub Group 1-13,,true,,20,49,47,47,163,0,0
1662356764378,85,Disconnect,200,Pub Group 1-5,,true,,11,0,47,47,0,0,0
1662356764378,86,Disconnect,200,Pub Group 1-6,,true,,11,0,46,46,0,0,0
1662356764378,86,Disconnect,200,Pub Group 1-3,,true,,11,0,46,46,0,0,0
1662356764300,168,Publish Message,200,Pub Group 1-42,,true,,20,49,44,44,168,0,0
1662356764300,168,Publish Message,200,Pub Group 1-32,,true,,20,49,44,44,168,0,0
1662356764300,170,Publish Message,200,Pub Group 1-22,,true,,20,49,44,44,170,0,0
1662356764300,170,Publish Message,200,Pub Group 1-31,,true,,20,49,44,44,170,0,0
1662356764300,171,Publish Message,200,Pub Group 1-11,,true,,20,49,44,44,171,0,0
1662356764300,171,Publish Message,200,Pub Group 1-9,,true,,20,48,44,44,171,0,0
1662356764393,88,Disconnect,200,Pub Group 1-7,,true,,11,0,44,44,0,0,0
1662356764455,85,Disconnect,200,Pub Group 1-8,,true,,11,0,43,43,0,0,0
1662356764378,163,Publish Message,200,Pub Group 1-46,,true,,20,49,42,42,163,0,0
1662356764378,164,Publish Message,200,Pub Group 1-24,,true,,20,49,42,42,164,0,0
1662356764378,164,Publish Message,200,Pub Group 1-43,,true,,20,49,42,42,164,0,0
1662356764455,87,Disconnect,200,Pub Group 1-10,,true,,11,0,42,42,0,0,0
1662356764378,165,Publish Message,200,Pub Group 1-17,,true,,20,49,41,41,165,0,0
1662356764378,165,Publish Message,200,Pub Group 1-15,,true,,20,49,41,41,165,0,0
1662356764378,168,Publish Message,200,Pub Group 1-33,,true,,20,49,41,41,168,0,0
1662356764378,168,Publish Message,200,Pub Group 1-44,,true,,20,49,41,41,168,0,0
1662356764378,168,Publish Message,200,Pub Group 1-36,,true,,20,49,41,41,168,0,0
1662356764378,168,Publish Message,200,Pub Group 1-25,,true,,20,49,41,41,168,0,0
1662356764378,168,Publish Message,200,Pub Group 1-26,,true,,20,49,41,41,168,0,0
1662356764378,168,Publish Message,200,Pub Group 1-14,,true,,20,49,41,41,168,0,0
1662356764378,168,Publish Message,200,Pub Group 1-45,,true,,20,49,41,41,168,0,0
1662356764378,169,Publish Message,200,Pub Group 1-23,,true,,20,49,41,41,169,0,0
1662356764378,169,Publish Message,200,Pub Group 1-16,,true,,20,49,41,41,169,0,0
1662356764378,170,Publish Message,200,Pub Group 1-34,,true,,20,49,41,41,170,0,0
1662356764378,174,Publish Message,200,Pub Group 1-30,,true,,20,49,41,41,174,0,0
1662356764393,170,Publish Message,200,Pub Group 1-27,,true,,20,49,41,41,170,0,0
1662356764487,84,Disconnect,200,Pub Group 1-12,,true,,11,0,41,41,0,0,0
1662356764409,171,Publish Message,200,Pub Group 1-35,,true,,20,49,40,40,171,0,0
1662356764502,83,Disconnect,200,Pub Group 1-13,,true,,11,0,40,40,0,0,0
1662356764502,86,Disconnect,200,Pub Group 1-11,,true,,11,0,39,39,0,0,0
1662356764487,165,Publish Message,200,Pub Group 1-41,,true,,20,49,38,38,165,0,0
1662356764470,170,Publish Message,200,Pub Group 1-50,,true,,20,49,38,38,170,0,0
1662356764470,168,Publish Message,200,Pub Group 1-21,,true,,20,49,38,38,168,0,0
1662356764455,170,Publish Message,200,Pub Group 1-37,,true,,20,49,38,38,170,0,0
1662356764455,170,Publish Message,200,Pub Group 1-18,,true,,20,49,38,38,170,0,0
1662356764455,169,Publish Message,200,Pub Group 1-49,,true,,20,49,38,38,169,0,0
1662356764455,168,Publish Message,200,Pub Group 1-47,,true,,20,49,38,38,168,0,0
1662356764455,168,Publish Message,200,Pub Group 1-40,,true,,20,49,38,38,168,0,0
1662356764455,168,Publish Message,200,Pub Group 1-28,,true,,20,49,38,38,168,0,0
1662356764455,168,Publish Message,200,Pub Group 1-19,,true,,20,49,38,38,168,0,0
1662356764455,168,Publish Message,200,Pub Group 1-38,,true,,20,49,38,38,168,0,0
1662356764455,168,Publish Message,200,Pub Group 1-48,,true,,20,49,38,38,168,0,0
1662356764455,168,Publish Message,200,Pub Group 1-20,,true,,20,49,38,38,168,0,0
1662356764455,165,Publish Message,200,Pub Group 1-29,,true,,20,49,38,38,165,0,0
1662356764455,165,Publish Message,200,Pub Group 1-39,,true,,20,49,38,38,165,0,0
1662356764502,88,Disconnect,200,Pub Group 1-9,,true,,11,0,38,38,0,0,0
1662356764579,83,Disconnect,200,Pub Group 1-17,,true,,11,0,37,37,0,0,0
1662356764579,86,Disconnect,200,Pub Group 1-15,,true,,11,0,36,36,0,0,0
1662356764579,87,Disconnect,200,Pub Group 1-14,,true,,11,0,35,35,0,0,0
1662356764579,88,Disconnect,200,Pub Group 1-16,,true,,11,0,34,34,0,0,0
1662356764502,168,Publish Message,200,Pub Group 1-42,,true,,20,49,33,33,168,0,0
1662356764502,168,Publish Message,200,Pub Group 1-32,,true,,20,49,33,33,168,0,0
1662356764502,170,Publish Message,200,Pub Group 1-22,,true,,20,49,33,33,170,0,0
1662356764502,171,Publish Message,200,Pub Group 1-31,,true,,20,49,33,33,171,0,0
1662356764579,163,Publish Message,200,Pub Group 1-24,,true,,20,49,33,33,163,0,0
1662356764579,163,Publish Message,200,Pub Group 1-46,,true,,20,49,33,33,163,0,0
1662356764579,163,Publish Message,200,Pub Group 1-43,,true,,20,49,33,33,163,0,0
1662356764579,167,Publish Message,200,Pub Group 1-33,,true,,20,49,33,33,167,0,0
1662356764579,168,Publish Message,200,Pub Group 1-44,,true,,20,49,33,33,168,0,0
1662356764579,168,Publish Message,200,Pub Group 1-36,,true,,20,49,33,33,168,0,0
1662356764579,168,Publish Message,200,Pub Group 1-23,,true,,20,49,33,33,168,0,0
1662356764579,168,Publish Message,200,Pub Group 1-25,,true,,20,49,33,33,168,0,0
1662356764579,168,Publish Message,200,Pub Group 1-26,,true,,20,49,33,33,168,0,0
1662356764579,169,Publish Message,200,Pub Group 1-45,,true,,20,49,33,33,169,0,0
1662356764579,170,Publish Message,200,Pub Group 1-34,,true,,20,49,33,33,170,0,0
1662356764594,169,Publish Message,200,Pub Group 1-27,,true,,20,49,33,33,169,0,0
1662356764594,173,Publish Message,200,Pub Group 1-30,,true,,20,49,33,33,173,0,0
1662356764687,86,Disconnect,200,Pub Group 1-19,,true,,11,0,33,33,0,0,0
1662356764687,86,Disconnect,200,Pub Group 1-21,,true,,11,0,33,33,0,0,0
1662356764687,86,Disconnect,200,Pub Group 1-20,,true,,11,0,33,33,0,0,0
1662356764687,86,Disconnect,200,Pub Group 1-18,,true,,11,0,30,30,0,0,0
1662356764702,88,Disconnect,200,Pub Group 1-22,,true,,11,0,29,29,0,0,0
1662356764626,171,Publish Message,200,Pub Group 1-35,,true,,20,49,28,28,171,0,0
1662356764687,164,Publish Message,200,Pub Group 1-39,,true,,20,49,28,28,164,0,0
1662356764687,164,Publish Message,200,Pub Group 1-41,,true,,20,49,28,28,164,0,0
1662356764687,166,Publish Message,200,Pub Group 1-29,,true,,20,49,28,28,166,0,0
1662356764687,170,Publish Message,200,Pub Group 1-38,,true,,20,49,28,28,170,0,0
1662356764687,170,Publish Message,200,Pub Group 1-28,,true,,20,49,28,28,170,0,0
1662356764687,170,Publish Message,200,Pub Group 1-48,,true,,20,49,28,28,170,0,0
1662356764687,170,Publish Message,200,Pub Group 1-40,,true,,20,49,28,28,170,0,0
1662356764687,170,Publish Message,200,Pub Group 1-47,,true,,20,49,28,28,170,0,0
1662356764687,170,Publish Message,200,Pub Group 1-49,,true,,20,49,28,28,170,0,0
1662356764687,171,Publish Message,200,Pub Group 1-50,,true,,20,49,28,28,171,0,0
1662356764687,171,Publish Message,200,Pub Group 1-37,,true,,20,49,28,28,171,0,0
1662356764779,84,Disconnect,200,Pub Group 1-24,,true,,11,0,28,28,0,0,0
1662356764779,85,Disconnect,200,Pub Group 1-23,,true,,11,0,27,27,0,0,0
1662356764779,87,Disconnect,200,Pub Group 1-26,,true,,11,0,26,26,0,0,0
1662356764779,87,Disconnect,200,Pub Group 1-25,,true,,11,0,26,26,0,0,0
1662356764702,168,Publish Message,200,Pub Group 1-32,,true,,20,49,24,24,168,0,0
1662356764702,168,Publish Message,200,Pub Group 1-42,,true,,20,49,24,24,168,0,0
1662356764702,172,Publish Message,200,Pub Group 1-31,,true,,20,49,24,24,172,0,0
1662356764794,88,Disconnect,200,Pub Group 1-27,,true,,11,0,24,24,0,0,0
1662356764779,163,Publish Message,200,Pub Group 1-46,,true,,20,49,23,23,163,0,0
1662356764779,163,Publish Message,200,Pub Group 1-43,,true,,20,49,23,23,163,0,0
1662356764779,169,Publish Message,200,Pub Group 1-33,,true,,20,49,23,23,169,0,0
1662356764779,169,Publish Message,200,Pub Group 1-36,,true,,20,49,23,23,169,0,0
1662356764779,169,Publish Message,200,Pub Group 1-44,,true,,20,49,23,23,169,0,0
1662356764779,169,Publish Message,200,Pub Group 1-45,,true,,20,49,23,23,169,0,0
1662356764794,170,Publish Message,200,Pub Group 1-34,,true,,20,49,23,23,170,0,0
1662356764886,82,Disconnect,200,Pub Group 1-29,,true,,11,0,23,23,0,0,0
1662356764808,174,Publish Message,200,Pub Group 1-30,,true,,20,49,22,22,174,0,0
1662356764901,86,Disconnect,200,Pub Group 1-32,,true,,11,0,22,22,0,0,0
1662356764901,87,Disconnect,200,Pub Group 1-28,,true,,11,0,21,21,0,0,0
1662356764917,87,Disconnect,200,Pub Group 1-31,,true,,11,0,20,20,0,0,0
1662356764839,172,Publish Message,200,Pub Group 1-35,,true,,20,49,19,19,172,0,0
1662356764886,164,Publish Message,200,Pub Group 1-39,,true,,20,49,19,19,164,0,0
1662356764886,164,Publish Message,200,Pub Group 1-41,,true,,20,49,19,19,164,0,0
1662356764978,85,Disconnect,200,Pub Group 1-33,,true,,11,0,19,19,0,0,0
1662356764978,86,Disconnect,200,Pub Group 1-36,,true,,11,0,18,18,0,0,0
1662356764901,168,Publish Message,200,Pub Group 1-38,,true,,20,49,17,17,168,0,0
1662356764901,168,Publish Message,200,Pub Group 1-42,,true,,20,49,17,17,168,0,0
1662356764901,169,Publish Message,200,Pub Group 1-47,,true,,20,49,17,17,169,0,0
1662356764901,169,Publish Message,200,Pub Group 1-40,,true,,20,49,17,17,169,0,0
1662356764901,169,Publish Message,200,Pub Group 1-49,,true,,20,49,17,17,169,0,0
1662356764901,169,Publish Message,200,Pub Group 1-48,,true,,20,49,17,17,169,0,0
1662356764901,170,Publish Message,200,Pub Group 1-50,,true,,20,49,17,17,170,0,0
1662356764901,170,Publish Message,200,Pub Group 1-37,,true,,20,49,17,17,170,0,0
1662356764994,87,Disconnect,200,Pub Group 1-34,,true,,11,0,17,17,0,0,0
1662356765088,84,Disconnect,200,Pub Group 1-39,,true,,11,0,16,16,0,0,0
1662356765088,84,Disconnect,200,Pub Group 1-41,,true,,11,0,16,16,0,0,0
1662356764978,169,Publish Message,200,Pub Group 1-44,,true,,20,49,16,16,169,0,0
1662356764978,169,Publish Message,200,Pub Group 1-45,,true,,20,49,16,16,169,0,0
1662356764978,163,Publish Message,200,Pub Group 1-43,,true,,20,49,16,16,163,0,0
1662356765041,86,Disconnect,200,Pub Group 1-35,,true,,11,0,16,16,0,0,0
1662356765025,88,Disconnect,200,Pub Group 1-30,,true,,11,0,16,16,0,0,0
1662356764978,163,Publish Message,200,Pub Group 1-46,,true,,20,49,16,16,163,0,0
1662356765104,85,Disconnect,200,Pub Group 1-42,,true,,11,0,12,12,0,0,0
1662356765104,85,Disconnect,200,Pub Group 1-38,,true,,11,0,12,12,0,0,0
1662356765104,86,Disconnect,200,Pub Group 1-40,,true,,11,0,10,10,0,0,0
1662356765104,87,Disconnect,200,Pub Group 1-37,,true,,11,0,9,9,0,0,0
1662356765104,168,Publish Message,200,Pub Group 1-48,,true,,20,49,8,8,168,0,0
1662356765104,168,Publish Message,200,Pub Group 1-47,,true,,20,49,8,8,168,0,0
1662356765104,168,Publish Message,200,Pub Group 1-49,,true,,20,49,8,8,168,0,0
1662356765104,170,Publish Message,200,Pub Group 1-50,,true,,20,49,8,8,170,0,0
1662356765211,85,Disconnect,200,Pub Group 1-46,,true,,11,0,8,8,0,0,0
1662356765211,86,Disconnect,200,Pub Group 1-43,,true,,11,0,7,7,0,0,0
1662356765211,89,Disconnect,200,Pub Group 1-44,,true,,11,0,6,6,0,0,0
1662356765211,89,Disconnect,200,Pub Group 1-45,,true,,11,0,6,6,0,0,0
1662356765305,87,Disconnect,200,Pub Group 1-50,,true,,11,0,4,4,0,0,0
1662356765305,87,Disconnect,200,Pub Group 1-49,,true,,11,0,4,4,0,0,0
1662356765305,87,Disconnect,200,Pub Group 1-48,,true,,11,0,4,4,0,0,0
1662356765305,87,Disconnect,200,Pub Group 1-47,,true,,11,0,4,4,0,0,0
