timeStamp,elapsed,label,responseCode,threadName,dataType,success,failureMessage,bytes,sentBytes,grpThreads,allThreads,Latency,IdleTime,Connect
1662356720941,186,Connect,200,Sub Group 2-1,,true,,11,0,1,2,0,0,0
1662356720941,192,Connect,200,Pub Group 1-1,,true,,11,0,1,2,0,0,0
1662356721404,169,Subscribe Message,200,Sub Group 2-1,,true,,48,0,1,2,169,0,0
1662356721235,172,Publish Message,200,Pub Group 1-1,,true,,20,48,1,2,172,0,0
1662356721619,167,Subscribe Message,200,Sub Group 2-1,,true,,48,0,1,2,167,0,0
1662356721452,170,Publish Message,200,Pub Group 1-1,,true,,20,48,1,2,170,0,0
1662356721822,167,Subscribe Message,200,Sub Group 2-1,,true,,48,0,1,2,167,0,0
1662356721656,169,Publish Message,200,Pub Group 1-1,,true,,20,48,1,2,169,0,0
1662356721855,83,Disconnect,200,Sub Group 2-1,,true,,11,0,1,2,0,0,0
1662356721871,170,Publish Message,200,Pub Group 1-1,,true,,20,48,1,1,170,0,0
1662356722073,170,Publish Message,200,Pub Group 1-1,,true,,20,48,1,1,170,0,0
1662356722276,171,Publish Message,200,Pub Group 1-1,,true,,20,48,1,1,171,0,0
1662356722478,172,Publish Message,200,Pub Group 1-1,,true,,20,48,1,1,172,0,0
1662356722681,170,Publish Message,200,Pub Group 1-1,,true,,20,48,1,1,170,0,0
1662356722885,171,Publish Message,200,Pub Group 1-1,,true,,20,48,1,1,171,0,0
1662356723088,170,Publish Message,200,Pub Group 1-1,,true,,20,48,1,1,170,0,0
1662356723290,86,Disconnect,200,Pub Group 1-1,,true,,11,0,1,1,0,0,0
