timeStamp,elapsed,label,responseCode,responseMessage,threadName,dataType,success,failureMessage,bytes,sentBytes,grpThreads,allThreads,Latency,IdleTime,Connect
1662241785743,278,Connect,200,Connection HiveMQTTConnection{clientId='sub_a9c467f461ba49418f1'} established successfully.,Sub Group 2-1,,true,,11,0,1,2,0,0,0
1662241785743,278,Connect,200,Connection HiveMQTTConnection{clientId='pub_7baa515811ef4913953'} established successfully.,Pub Group 1-1,,true,,11,0,1,2,0,0,0
1662241786052,1,Publish Message,200,publish successfully for Connection HiveMQTTConnection{clientId='pub_7baa515811ef4913953'}.,Pub Group 1-1,,true,,20,48,1,2,1,0,0
1662241786084,1,Publish Message,200,publish successfully for Connection HiveMQTTConnection{clientId='pub_7baa515811ef4913953'}.,Pub Group 1-1,,true,,20,48,1,2,1,0,0
1662241786116,0,Publish Message,200,publish successfully for Connection HiveMQTTConnection{clientId='pub_7baa515811ef4913953'}.,Pub Group 1-1,,true,,20,48,1,2,0,0,0
1662241786149,0,Publish Message,200,publish successfully for Connection HiveMQTTConnection{clientId='pub_7baa515811ef4913953'}.,Pub Group 1-1,,true,,20,48,1,2,0,0,0
1662241786180,0,Publish Message,200,publish successfully for Connection HiveMQTTConnection{clientId='pub_7baa515811ef4913953'}.,Pub Group 1-1,,true,,20,48,1,2,0,0,0
1662241786212,1,Publish Message,200,publish successfully for Connection HiveMQTTConnection{clientId='pub_7baa515811ef4913953'}.,Pub Group 1-1,,true,,20,48,1,2,1,0,0
1662241786245,1,Publish Message,200,publish successfully for Connection HiveMQTTConnection{clientId='pub_7baa515811ef4913953'}.,Pub Group 1-1,,true,,20,48,1,2,1,0,0
1662241786277,1,Publish Message,200,publish successfully for Connection HiveMQTTConnection{clientId='pub_7baa515811ef4913953'}.,Pub Group 1-1,,true,,20,48,1,2,1,0,0
1662241786286,201,Subscribe Message,200,Received 1 of message.,Sub Group 2-1,,true,,48,0,1,2,201,0,0
1662241786309,0,Publish Message,200,publish successfully for Connection HiveMQTTConnection{clientId='pub_7baa515811ef4913953'}.,Pub Group 1-1,,true,,20,48,1,2,0,0,0
1662241786319,169,Subscribe Message,200,Received 1 of message.,Sub Group 2-1,,true,,48,0,1,2,169,0,0
1662241786342,0,Publish Message,200,publish successfully for Connection HiveMQTTConnection{clientId='pub_7baa515811ef4913953'}.,Pub Group 1-1,,true,,20,48,1,2,0,0,0
1662241786351,137,Subscribe Message,200,Received 1 of message.,Sub Group 2-1,,true,,48,0,1,2,137,0,0
1662241786373,0,Publish Message,200,publish successfully for Connection HiveMQTTConnection{clientId='pub_7baa515811ef4913953'}.,Pub Group 1-1,,true,,20,48,1,2,0,0,0
1662241786402,221,Subscribe Message,200,Received 1 of message.,Sub Group 2-1,,true,,48,0,1,2,221,0,0
1662241786404,0,Publish Message,200,publish successfully for Connection HiveMQTTConnection{clientId='pub_7baa515811ef4913953'}.,Pub Group 1-1,,true,,20,48,1,2,0,0,0
1662241786436,189,Subscribe Message,200,Received 1 of message.,Sub Group 2-1,,true,,48,0,1,2,189,0,0
1662241786436,1,Publish Message,200,publish successfully for Connection HiveMQTTConnection{clientId='pub_7baa515811ef4913953'}.,Pub Group 1-1,,true,,20,48,1,2,1,0,0
1662241786468,157,Subscribe Message,200,Received 1 of message.,Sub Group 2-1,,true,,48,0,1,2,157,0,0
1662241786468,0,Publish Message,200,publish successfully for Connection HiveMQTTConnection{clientId='pub_7baa515811ef4913953'}.,Pub Group 1-1,,true,,20,48,1,2,0,0,0
1662241786500,125,Subscribe Message,200,Received 1 of message.,Sub Group 2-1,,true,,48,0,1,2,125,0,0
1662241786500,0,Publish Message,200,publish successfully for Connection HiveMQTTConnection{clientId='pub_7baa515811ef4913953'}.,Pub Group 1-1,,true,,20,48,1,2,0,0,0
1662241786532,194,Subscribe Message,200,Received 1 of message.,Sub Group 2-1,,true,,48,0,1,2,194,0,0
1662241786532,0,Publish Message,200,publish successfully for Connection HiveMQTTConnection{clientId='pub_7baa515811ef4913953'}.,Pub Group 1-1,,true,,20,48,1,2,0,0,0
1662241786564,161,Subscribe Message,200,Received 1 of message.,Sub Group 2-1,,true,,48,0,1,2,161,0,0
1662241786564,1,Publish Message,200,publish successfully for Connection HiveMQTTConnection{clientId='pub_7baa515811ef4913953'}.,Pub Group 1-1,,true,,20,48,1,2,1,0,0
1662241786596,131,Subscribe Message,200,Received 1 of message.,Sub Group 2-1,,true,,48,0,1,2,131,0,0
1662241786596,1,Publish Message,200,publish successfully for Connection HiveMQTTConnection{clientId='pub_7baa515811ef4913953'}.,Pub Group 1-1,,true,,20,48,1,2,1,0,0
1662241786628,0,Publish Message,200,publish successfully for Connection HiveMQTTConnection{clientId='pub_7baa515811ef4913953'}.,Pub Group 1-1,,true,,20,48,1,2,0,0,0
1662241786661,1,Publish Message,200,publish successfully for Connection HiveMQTTConnection{clientId='pub_7baa515811ef4913953'}.,Pub Group 1-1,,true,,20,48,1,2,1,0,0
1662241786628,119,Disconnect,200,Connection HiveMQTTConnection{clientId='sub_a9c467f461ba49418f1'} disconnected.,Sub Group 2-1,,true,,11,0,1,2,0,0,0
1662241786694,107,Disconnect,200,Connection HiveMQTTConnection{clientId='pub_7baa515811ef4913953'} disconnected.,Pub Group 1-1,,true,,11,0,1,1,0,0,0
