timeStamp,elapsed,label,responseCode,threadName,dataType,success,failureMessage,bytes,sentBytes,grpThreads,allThreads,Latency,IdleTime,Connect
1662356248668,185,Connect,200,Pub Group 1-1,,true,,11,0,11,22,0,0,0
1662356248674,181,Connect,200,Sub Group 2-1,,true,,11,0,11,22,0,0,0
1662356248689,171,Connect,200,Pub Group 1-2,,true,,11,0,12,23,0,0,0
1662356248698,170,Connect,200,Sub Group 2-2,,true,,11,0,12,24,0,0,0
1662356248715,164,Connect,200,Sub Group 2-3,,true,,11,0,12,24,0,0,0
1662356248708,172,Connect,200,Pub Group 1-3,,true,,11,0,13,25,0,0,0
1662356248729,167,Connect,200,Pub Group 1-4,,true,,11,0,13,26,0,0,0
1662356248735,171,Connect,200,Sub Group 2-4,,true,,11,0,14,28,0,0,0
1662356248753,164,Connect,200,Sub Group 2-5,,true,,11,0,14,28,0,0,0
1662356248749,172,Connect,200,Pub Group 1-5,,true,,11,0,15,29,0,0,0
1662356248769,166,Connect,200,Pub Group 1-6,,true,,11,0,15,30,0,0,0
1662356248774,169,Connect,200,Sub Group 2-6,,true,,11,0,15,31,0,0,0
1662356248790,170,Connect,200,Pub Group 1-7,,true,,11,0,17,33,0,0,0
1662356248795,170,Connect,200,Sub Group 2-7,,true,,11,0,17,34,0,0,0
1662356248884,84,Publish Message,200,Pub Group 1-1,,true,,20,48,17,34,84,0,0
1662356248891,84,Publish Message,200,Pub Group 1-2,,true,,20,48,17,34,84,0,0
1662356248811,171,Connect,200,Pub Group 1-8,,true,,11,0,17,34,0,0,0
1662356248815,172,Connect,200,Sub Group 2-8,,true,,11,0,18,35,0,0,0
1662356248910,85,Publish Message,200,Pub Group 1-3,,true,,20,48,18,36,85,0,0
1662356248828,173,Connect,200,Pub Group 1-9,,true,,11,0,18,36,0,0,0
1662356248831,172,Connect,200,Sub Group 2-9,,true,,11,0,19,38,0,0,0
1662356248926,83,Publish Message,200,Pub Group 1-4,,true,,20,48,19,38,83,0,0
1662356248849,170,Connect,200,Pub Group 1-10,,true,,11,0,20,39,0,0,0
1662356248856,165,Connect,200,Sub Group 2-10,,true,,11,0,19,39,0,0,0
1662356248869,165,Connect,200,Pub Group 1-11,,true,,11,0,20,40,0,0,0
1662356248952,85,Publish Message,200,Pub Group 1-5,,true,,20,48,20,40,85,0,0
1662356248876,172,Connect,200,Sub Group 2-11,,true,,11,0,21,42,0,0,0
1662356248965,83,Publish Message,200,Pub Group 1-6,,true,,20,48,21,42,83,0,0
1662356248890,171,Connect,200,Pub Group 1-12,,true,,11,0,21,42,0,0,0
1662356248895,166,Connect,200,Sub Group 2-12,,true,,11,0,21,42,0,0,0
1662356248909,164,Connect,200,Pub Group 1-13,,true,,11,0,22,44,0,0,0
1662356248990,84,Publish Message,200,Pub Group 1-7,,true,,20,48,22,44,84,0,0
1662356248998,84,Publish Message,200,Pub Group 1-1,,true,,20,48,23,45,84,0,0
1662356248916,171,Connect,200,Sub Group 2-13,,true,,11,0,23,46,0,0,0
1662356249005,84,Publish Message,200,Pub Group 1-2,,true,,20,48,23,46,84,0,0
1662356249012,85,Publish Message,200,Pub Group 1-8,,true,,20,48,23,46,85,0,0
1662356248930,174,Connect,200,Pub Group 1-14,,true,,11,0,24,47,0,0,0
1662356248935,170,Connect,200,Sub Group 2-14,,true,,11,0,24,48,0,0,0
1662356249105,195,Subscribe Message,200,Sub Group 2-2,,true,,48,0,24,48,195,0,0
1662356249108,216,Subscribe Message,200,Sub Group 2-1,,true,,48,0,24,48,216,0,0
1662356249025,85,Publish Message,200,Pub Group 1-3,,true,,20,48,24,48,85,0,0
1662356248950,164,Connect,200,Pub Group 1-15,,true,,11,0,24,48,0,0,0
1662356249031,86,Publish Message,200,Pub Group 1-9,,true,,20,48,24,48,86,0,0
1662356249119,208,Subscribe Message,200,Sub Group 2-3,,true,,48,0,24,48,208,0,0
1662356249038,83,Publish Message,200,Pub Group 1-4,,true,,20,48,25,49,83,0,0
1662356248955,173,Connect,200,Sub Group 2-15,,true,,11,0,25,50,0,0,0
1662356249049,84,Publish Message,200,Pub Group 1-10,,true,,20,49,25,50,84,0,0
1662356249136,179,Subscribe Message,200,Sub Group 2-2,,true,,48,0,25,50,179,0,0
1662356249138,197,Subscribe Message,200,Sub Group 2-1,,true,,48,0,25,50,197,0,0
1662356248970,172,Connect,200,Pub Group 1-16,,true,,11,0,26,51,0,0,0
1662356249064,82,Publish Message,200,Pub Group 1-11,,true,,20,49,26,52,82,0,0
1662356249149,192,Subscribe Message,200,Sub Group 2-3,,true,,48,0,26,52,192,0,0
1662356248975,174,Connect,200,Sub Group 2-16,,true,,11,0,26,52,0,0,0
1662356249150,198,Subscribe Message,200,Sub Group 2-5,,true,,48,0,26,52,198,0,0
1662356249068,85,Publish Message,200,Pub Group 1-5,,true,,20,48,26,52,85,0,0
1662356248990,163,Connect,200,Pub Group 1-17,,true,,11,0,26,52,0,0,0
1662356248991,163,Connect,200,Sub Group 2-17,,true,,11,0,26,52,0,0,0
1662356249155,202,Subscribe Message,200,Sub Group 2-4,,true,,48,0,26,52,202,0,0
1662356249078,83,Publish Message,200,Pub Group 1-6,,true,,20,48,26,52,83,0,0
1662356249167,153,Subscribe Message,200,Sub Group 2-2,,true,,48,0,27,54,153,0,0
1662356249168,181,Subscribe Message,200,Sub Group 2-1,,true,,48,0,27,54,181,0,0
1662356249091,84,Publish Message,200,Pub Group 1-12,,true,,20,49,27,54,84,0,0
1662356249179,167,Subscribe Message,200,Sub Group 2-3,,true,,48,0,27,54,167,0,0
1662356249180,185,Subscribe Message,200,Sub Group 2-5,,true,,48,0,27,54,185,0,0
1662356249183,193,Subscribe Message,200,Sub Group 2-6,,true,,48,0,28,55,193,0,0
1662356249015,170,Connect,200,Sub Group 2-18,,true,,11,0,28,56,0,0,0
1662356249103,82,Publish Message,200,Pub Group 1-13,,true,,20,49,28,56,82,0,0
1662356249185,189,Subscribe Message,200,Sub Group 2-4,,true,,48,0,28,56,189,0,0
1662356249104,84,Publish Message,200,Pub Group 1-7,,true,,20,48,28,56,84,0,0
1662356249018,172,Connect,200,Pub Group 1-18,,true,,11,0,28,56,0,0,0
1662356249112,85,Publish Message,200,Pub Group 1-1,,true,,20,48,28,56,85,0,0
1662356249032,168,Connect,200,Sub Group 2-19,,true,,11,0,28,56,0,0,0
1662356249119,85,Publish Message,200,Pub Group 1-2,,true,,20,48,29,57,85,0,0
1662356249033,174,Connect,200,Pub Group 1-19,,true,,11,0,29,58,0,0,0
1662356249210,160,Subscribe Message,200,Sub Group 2-5,,true,,48,0,29,58,160,0,0
1662356249127,85,Publish Message,200,Pub Group 1-8,,true,,20,48,29,58,85,0,0
1662356249213,185,Subscribe Message,200,Sub Group 2-6,,true,,48,0,29,58,185,0,0
1662356249215,216,Subscribe Message,200,Sub Group 2-7,,true,,48,0,29,58,216,0,0
1662356249215,165,Subscribe Message,200,Sub Group 2-4,,true,,48,0,29,58,165,0,0
1662356249134,84,Publish Message,200,Pub Group 1-14,,true,,20,49,29,58,84,0,0
1662356249047,173,Connect,200,Pub Group 1-20,,true,,11,0,29,58,0,0,0
1662356249054,169,Connect,200,Sub Group 2-20,,true,,11,0,29,58,0,0,0
1662356249144,82,Publish Message,200,Pub Group 1-15,,true,,20,49,30,60,82,0,0
1662356249141,85,Publish Message,200,Pub Group 1-3,,true,,20,48,30,60,85,0,0
1662356249147,85,Publish Message,200,Pub Group 1-9,,true,,20,48,30,60,85,0,0
1662356249232,207,Subscribe Message,200,Sub Group 2-8,,true,,48,0,30,60,207,0,0
1662356249151,82,Publish Message,200,Pub Group 1-4,,true,,20,48,30,60,82,0,0
1662356249070,170,Connect,200,Pub Group 1-21,,true,,11,0,30,60,0,0,0
1662356249076,165,Connect,200,Sub Group 2-21,,true,,11,0,30,61,0,0,0
1662356249243,179,Subscribe Message,200,Sub Group 2-6,,true,,48,0,30,61,179,0,0
1662356249246,209,Subscribe Message,200,Sub Group 2-7,,true,,48,0,31,62,209,0,0
1662356249311,192,Subscribe Message,200,Sub Group 2-13,,true,,48,0,34,68,192,0,0
1662356249226,85,Publish Message,200,Pub Group 1-1,,true,,20,48,34,68,85,0,0
1662356249133,176,Connect,200,Pub Group 1-24,,true,,11,0,34,68,0,0,0
1662356249135,171,Connect,200,Sub Group 2-24,,true,,11,0,34,68,0,0,0
1662356249220,86,Publish Message,200,Pub Group 1-18,,true,,20,49,34,68,86,0,0
1662356249218,84,Publish Message,200,Pub Group 1-7,,true,,20,48,34,68,84,0,0
1662356249300,193,Subscribe Message,200,Sub Group 2-12,,true,,49,0,33,66,193,0,0
1662356249209,88,Disconnect,200,Sub Group 2-3,,true,,11,0,33,66,0,0,0
1662356249214,82,Publish Message,200,Pub Group 1-13,,true,,20,49,33,66,82,0,0
1662356249205,85,Publish Message,200,Pub Group 1-12,,true,,20,49,33,66,85,0,0
1662356249115,172,Connect,200,Sub Group 2-23,,true,,11,0,33,66,0,0,0
1662356249110,176,Connect,200,Pub Group 1-23,,true,,11,0,33,66,0,0,0
1662356249199,86,Disconnect,200,Sub Group 2-1,,true,,11,0,32,65,0,0,0
1662356249198,85,Disconnect,200,Sub Group 2-2,,true,,11,0,32,64,0,0,0
1662356249277,199,Subscribe Message,200,Sub Group 2-11,,true,,48,0,32,64,199,0,0
1662356249276,205,Subscribe Message,200,Sub Group 2-7,,true,,48,0,32,64,205,0,0
1662356249192,83,Publish Message,200,Pub Group 1-6,,true,,20,48,32,64,83,0,0
1662356249248,209,Subscribe Message,200,Sub Group 2-9,,true,,48,0,31,62,209,0,0
1662356249183,85,Publish Message,200,Pub Group 1-5,,true,,20,48,32,64,85,0,0
1662356249164,84,Publish Message,200,Pub Group 1-10,,true,,20,49,31,62,84,0,0
1662356249092,170,Connect,200,Sub Group 2-22,,true,,11,0,31,63,0,0,0
1662356249176,81,Publish Message,200,Pub Group 1-11,,true,,20,49,31,62,81,0,0
1662356249173,84,Publish Message,200,Pub Group 1-16,,true,,20,49,31,62,84,0,0
1662356249260,195,Subscribe Message,200,Sub Group 2-10,,true,,49,0,31,62,195,0,0
1662356249093,169,Connect,200,Pub Group 1-22,,true,,11,0,32,63,0,0,0
1662356249263,201,Subscribe Message,200,Sub Group 2-8,,true,,48,0,31,63,201,0,0
1662356249183,81,Publish Message,200,Pub Group 1-17,,true,,20,49,32,63,81,0,0
1662356249233,84,Publish Message,200,Pub Group 1-2,,true,,20,48,34,65,84,0,0
1662356249150,172,Connect,200,Pub Group 1-25,,true,,11,0,35,66,0,0,0
1662356249237,86,Publish Message,200,Pub Group 1-19,,true,,20,49,35,66,86,0,0
1662356249155,170,Connect,200,Sub Group 2-25,,true,,11,0,31,66,0,0,0
1662356249241,85,Disconnect,200,Sub Group 2-5,,true,,11,0,32,67,0,0,0
1662356249242,85,Publish Message,200,Pub Group 1-8,,true,,20,48,35,66,85,0,0
1662356249328,186,Subscribe Message,200,Sub Group 2-14,,true,,48,0,31,66,186,0,0
1662356249246,86,Disconnect,200,Sub Group 2-4,,true,,11,0,31,66,0,0,0
1662356249248,85,Publish Message,200,Pub Group 1-14,,true,,20,49,35,65,85,0,0
1662356249250,85,Publish Message,200,Pub Group 1-20,,true,,20,49,35,65,85,0,0
1662356249255,81,Publish Message,200,Pub Group 1-15,,true,,20,49,35,65,81,0,0
1662356249171,167,Connect,200,Pub Group 1-26,,true,,11,0,35,65,0,0,0
1662356249342,177,Subscribe Message,200,Sub Group 2-15,,true,,49,0,31,66,177,0,0
1662356249257,85,Publish Message,200,Pub Group 1-3,,true,,20,48,35,66,85,0,0
1662356249344,193,Subscribe Message,200,Sub Group 2-12,,true,,48,0,31,66,193,0,0
1662356249344,184,Subscribe Message,200,Sub Group 2-13,,true,,48,0,31,66,184,0,0
1662356249344,186,Subscribe Message,200,Sub Group 2-11,,true,,49,0,31,66,186,0,0
1662356249346,198,Subscribe Message,200,Sub Group 2-9,,true,,49,0,31,66,198,0,0
1662356249346,194,Subscribe Message,200,Sub Group 2-8,,true,,48,0,31,66,194,0,0
1662356249345,191,Subscribe Message,200,Sub Group 2-10,,true,,48,0,31,66,191,0,0
1662356249263,83,Publish Message,200,Pub Group 1-4,,true,,20,48,35,66,83,0,0
1662356249176,171,Connect,200,Sub Group 2-26,,true,,11,0,31,67,0,0,0
1662356249263,85,Publish Message,200,Pub Group 1-9,,true,,20,48,36,67,85,0,0
1662356249270,84,Publish Message,200,Pub Group 1-21,,true,,20,49,36,67,84,0,0
1662356249355,171,Subscribe Message,200,Sub Group 2-16,,true,,49,0,31,67,171,0,0
1662356249357,183,Subscribe Message,200,Sub Group 2-14,,true,,49,0,31,67,183,0,0
1662356249274,85,Disconnect,200,Sub Group 2-6,,true,,11,0,31,67,0,0,0
1662356249195,175,Connect,200,Pub Group 1-27,,true,,11,0,37,68,0,0,0
1662356249195,176,Connect,200,Sub Group 2-27,,true,,11,0,31,68,0,0,0
1662356249372,168,Subscribe Message,200,Sub Group 2-15,,true,,49,0,31,68,168,0,0
1662356249375,176,Subscribe Message,200,Sub Group 2-11,,true,,49,0,31,68,176,0,0
1662356249375,185,Subscribe Message,200,Sub Group 2-12,,true,,48,0,31,68,185,0,0
1662356249375,177,Subscribe Message,200,Sub Group 2-13,,true,,49,0,31,68,177,0,0
1662356249376,183,Subscribe Message,200,Sub Group 2-9,,true,,49,0,31,68,183,0,0
1662356249376,184,Subscribe Message,200,Sub Group 2-10,,true,,48,0,31,68,184,0,0
1662356249214,171,Connect,200,Pub Group 1-28,,true,,11,0,37,68,0,0,0
1662356249386,172,Subscribe Message,200,Sub Group 2-16,,true,,48,0,32,70,172,0,0
1662356249388,180,Subscribe Message,200,Sub Group 2-14,,true,,48,0,32,70,180,0,0
1662356249211,178,Connect,200,Sub Group 2-28,,true,,11,0,32,70,0,0,0
1662356249400,207,Subscribe Message,200,Sub Group 2-17,,true,,48,0,32,70,207,0,0
1662356249402,166,Subscribe Message,200,Sub Group 2-15,,true,,49,0,32,70,166,0,0
1662356249231,175,Connect,200,Pub Group 1-29,,true,,11,0,39,72,0,0,0
1662356249235,174,Connect,200,Sub Group 2-29,,true,,11,0,33,72,0,0,0
1662356249416,163,Subscribe Message,200,Sub Group 2-16,,true,,48,0,33,72,163,0,0
1662356249254,166,Connect,200,Pub Group 1-30,,true,,11,0,40,73,0,0,0
1662356249254,170,Connect,200,Sub Group 2-30,,true,,11,0,33,73,0,0,0
1662356249344,83,Publish Message,200,Pub Group 1-13,,true,,20,49,40,74,83,0,0
1662356249345,82,Publish Message,200,Pub Group 1-17,,true,,20,49,40,74,82,0,0
1662356249345,82,Publish Message,200,Pub Group 1-11,,true,,20,49,40,74,82,0,0
1662356249345,83,Publish Message,200,Pub Group 1-6,,true,,20,48,40,74,83,0,0
1662356249344,85,Publish Message,200,Pub Group 1-23,,true,,20,49,40,74,85,0,0
1662356249344,85,Publish Message,200,Pub Group 1-7,,true,,20,48,40,74,85,0,0
1662356249344,85,Publish Message,200,Pub Group 1-1,,true,,20,48,40,74,85,0,0
1662356249429,214,Subscribe Message,200,Sub Group 2-18,,true,,49,0,34,74,214,0,0
1662356249429,195,Subscribe Message,200,Sub Group 2-19,,true,,48,0,34,74,195,0,0
1662356249344,85,Disconnect,200,Sub Group 2-7,,true,,11,0,34,74,0,0,0
1662356249345,84,Publish Message,200,Pub Group 1-22,,true,,20,49,40,74,84,0,0
1662356249344,85,Publish Message,200,Pub Group 1-12,,true,,20,49,40,74,85,0,0
1662356249345,85,Publish Message,200,Pub Group 1-10,,true,,20,49,40,73,85,0,0
1662356249430,174,Subscribe Message,200,Sub Group 2-20,,true,,49,0,33,73,174,0,0
1662356249430,194,Subscribe Message,200,Sub Group 2-17,,true,,49,0,33,73,194,0,0
1662356249344,87,Publish Message,200,Pub Group 1-18,,true,,20,49,40,73,87,0,0
1662356249345,86,Publish Message,200,Pub Group 1-16,,true,,20,49,40,73,86,0,0
1662356249345,86,Publish Message,200,Pub Group 1-5,,true,,20,48,40,73,86,0,0
1662356249347,85,Publish Message,200,Pub Group 1-2,,true,,20,48,40,73,85,0,0
1662356249344,88,Publish Message,200,Pub Group 1-24,,true,,20,49,40,73,88,0,0
1662356249351,84,Publish Message,200,Pub Group 1-25,,true,,20,49,40,73,84,0,0
1662356249352,87,Publish Message,200,Pub Group 1-19,,true,,20,49,40,73,87,0,0
1662356249439,94,Subscribe Message,200,Sub Group 2-21,,true,,49,0,33,73,94,0,0
1662356249271,169,Connect,200,Pub Group 1-31,,true,,11,0,40,73,0,0,0
1662356249357,85,Publish Message,200,Pub Group 1-8,,true,,20,48,41,74,85,0,0
1662356249275,171,Connect,200,Sub Group 2-31,,true,,11,0,33,74,0,0,0
1662356249362,84,Publish Message,200,Pub Group 1-14,,true,,20,49,41,74,84,0,0
1662356249446,102,Subscribe Message,200,Sub Group 2-23,,true,,48,0,33,74,102,0,0
1662356249366,81,Publish Message,200,Pub Group 1-15,,true,,20,49,41,75,81,0,0
1662356249367,82,Publish Message,200,Pub Group 1-26,,true,,20,49,41,75,82,0,0
1662356249366,85,Publish Message,200,Pub Group 1-20,,true,,20,49,41,75,85,0,0
1662356249451,107,Subscribe Message,200,Sub Group 2-24,,true,,49,0,34,75,107,0,0
1662356249376,82,Publish Message,200,Pub Group 1-4,,true,,20,48,41,75,82,0,0
1662356249373,85,Publish Message,200,Pub Group 1-3,,true,,20,48,41,75,85,0,0
1662356249458,210,Subscribe Message,200,Sub Group 2-18,,true,,48,0,34,75,210,0,0
1662356249458,191,Subscribe Message,200,Sub Group 2-19,,true,,49,0,34,75,191,0,0
1662356249460,172,Subscribe Message,200,Sub Group 2-20,,true,,48,0,34,75,172,0,0
1662356249290,171,Connect,200,Pub Group 1-32,,true,,11,0,42,76,0,0,0
1662356249461,188,Subscribe Message,200,Sub Group 2-17,,true,,49,0,34,76,188,0,0
1662356249376,86,Disconnect,200,Sub Group 2-8,,true,,11,0,34,76,0,0,0
1662356249377,85,Publish Message,200,Pub Group 1-9,,true,,20,48,42,75,85,0,0
1662356249295,171,Connect,200,Sub Group 2-32,,true,,11,0,34,76,0,0,0
1662356249384,84,Publish Message,200,Pub Group 1-21,,true,,20,49,42,76,84,0,0
1662356249469,94,Subscribe Message,200,Sub Group 2-21,,true,,48,0,34,76,94,0,0
1662356249476,102,Subscribe Message,200,Sub Group 2-23,,true,,49,0,34,76,102,0,0
1662356249481,107,Subscribe Message,200,Sub Group 2-24,,true,,49,0,35,78,107,0,0
1662356249314,171,Connect,200,Pub Group 1-33,,true,,11,0,43,78,0,0,0
1662356249401,84,Publish Message,200,Pub Group 1-27,,true,,20,49,43,78,84,0,0
1662356249406,83,Disconnect,200,Sub Group 2-12,,true,,11,0,35,78,0,0,0
1662356249490,187,Subscribe Message,200,Sub Group 2-19,,true,,48,0,35,78,187,0,0
1662356249490,213,Subscribe Message,200,Sub Group 2-18,,true,,49,0,35,78,213,0,0
1662356249407,83,Disconnect,200,Sub Group 2-10,,true,,11,0,35,78,0,0,0
1662356249490,169,Subscribe Message,200,Sub Group 2-20,,true,,48,0,34,77,169,0,0
1662356249316,175,Connect,200,Sub Group 2-33,,true,,11,0,33,76,0,0,0
1662356249406,85,Disconnect,200,Sub Group 2-13,,true,,11,0,33,76,0,0,0
1662356249406,86,Disconnect,200,Sub Group 2-11,,true,,11,0,32,75,0,0,0
1662356249407,87,Disconnect,200,Sub Group 2-9,,true,,11,0,31,74,0,0,0
1662356249414,83,Publish Message,200,Pub Group 1-28,,true,,20,49,43,73,83,0,0
1662356249330,169,Connect,200,Pub Group 1-34,,true,,11,0,43,73,0,0,0
1662356249500,94,Subscribe Message,200,Sub Group 2-21,,true,,49,0,30,73,94,0,0
1662356249330,171,Connect,200,Sub Group 2-34,,true,,11,0,30,74,0,0,0
1662356249418,87,Disconnect,200,Sub Group 2-14,,true,,11,0,30,74,0,0,0
1662356249507,102,Subscribe Message,200,Sub Group 2-23,,true,,48,0,30,74,102,0,0
1662356249512,107,Subscribe Message,200,Sub Group 2-24,,true,,49,0,30,74,107,0,0
1662356249433,87,Disconnect,200,Sub Group 2-15,,true,,11,0,30,74,0,0,0
1662356249355,165,Connect,200,Sub Group 2-35,,true,,11,0,29,73,0,0,0
1662356249435,86,Publish Message,200,Pub Group 1-29,,true,,20,49,45,74,86,0,0
1662356249350,175,Connect,200,Pub Group 1-35,,true,,11,0,45,74,0,0,0
1662356249446,85,Disconnect,200,Sub Group 2-16,,true,,11,0,30,75,0,0,0
1662356249451,82,Publish Message,200,Pub Group 1-30,,true,,20,49,45,74,82,0,0
1662356249371,166,Connect,200,Sub Group 2-36,,true,,11,0,29,74,0,0,0
1662356249457,81,Publish Message,200,Pub Group 1-11,,true,,20,49,45,74,81,0,0
1662356249457,82,Publish Message,200,Pub Group 1-13,,true,,20,49,45,74,82,0,0
1662356249457,82,Publish Message,200,Pub Group 1-17,,true,,20,49,45,74,82,0,0
1662356249457,83,Publish Message,200,Pub Group 1-6,,true,,20,48,45,74,83,0,0
1662356249541,195,Subscribe Message,200,Sub Group 2-22,,true,,49,0,29,75,195,0,0
1662356249458,84,Publish Message,200,Pub Group 1-23,,true,,20,49,46,75,84,0,0
1662356249458,84,Publish Message,200,Pub Group 1-7,,true,,20,48,46,75,84,0,0
1662356249458,84,Publish Message,200,Pub Group 1-1,,true,,20,48,46,75,84,0,0
1662356249543,185,Subscribe Message,200,Sub Group 2-25,,true,,48,0,29,75,185,0,0
1662356249460,83,Publish Message,200,Pub Group 1-22,,true,,20,49,46,75,83,0,0
1662356249460,84,Publish Message,200,Pub Group 1-10,,true,,20,49,46,75,84,0,0
1662356249460,84,Publish Message,200,Pub Group 1-12,,true,,20,49,46,75,84,0,0
1662356249545,167,Subscribe Message,200,Sub Group 2-26,,true,,48,0,29,75,167,0,0
1662356249376,169,Connect,200,Pub Group 1-36,,true,,11,0,46,75,0,0,0
1662356249461,85,Publish Message,200,Pub Group 1-2,,true,,20,48,46,76,85,0,0
1662356249461,85,Publish Message,200,Pub Group 1-16,,true,,20,49,46,76,85,0,0
1662356249461,85,Publish Message,200,Pub Group 1-5,,true,,20,48,46,76,85,0,0
1662356249546,132,Subscribe Message,200,Sub Group 2-27,,true,,49,0,30,76,132,0,0
1662356249461,86,Publish Message,200,Pub Group 1-18,,true,,20,49,46,76,86,0,0
1662356249461,87,Publish Message,200,Pub Group 1-24,,true,,20,49,46,76,87,0,0
1662356249465,85,Publish Message,200,Pub Group 1-25,,true,,20,49,46,76,85,0,0
1662356249550,114,Subscribe Message,200,Sub Group 2-28,,true,,49,0,30,76,114,0,0
1662356249469,85,Publish Message,200,Pub Group 1-31,,true,,20,49,46,76,85,0,0
1662356249554,96,Subscribe Message,200,Sub Group 2-30,,true,,49,0,30,76,96,0,0
1662356249555,104,Subscribe Message,200,Sub Group 2-29,,true,,49,0,30,76,104,0,0
1662356249472,85,Publish Message,200,Pub Group 1-8,,true,,20,48,46,76,85,0,0
1662356249469,88,Publish Message,200,Pub Group 1-19,,true,,20,49,46,76,88,0,0
1662356249477,81,Publish Message,200,Pub Group 1-15,,true,,20,49,47,77,81,0,0
1662356249478,82,Publish Message,200,Pub Group 1-26,,true,,20,49,47,77,82,0,0
1662356249476,85,Publish Message,200,Pub Group 1-14,,true,,20,49,47,77,85,0,0
1662356249390,172,Connect,200,Sub Group 2-37,,true,,11,0,30,77,0,0,0
1662356249390,173,Connect,200,Pub Group 1-37,,true,,11,0,47,77,0,0,0
1662356249481,85,Publish Message,200,Pub Group 1-20,,true,,20,49,47,78,85,0,0
1662356249570,193,Subscribe Message,200,Sub Group 2-22,,true,,48,0,31,78,193,0,0
1662356249572,180,Subscribe Message,200,Sub Group 2-25,,true,,49,0,31,78,180,0,0
1662356249490,83,Publish Message,200,Pub Group 1-4,,true,,20,48,47,78,83,0,0
1662356249492,82,Disconnect,200,Sub Group 2-17,,true,,11,0,31,78,0,0,0
1662356249574,160,Subscribe Message,200,Sub Group 2-26,,true,,49,0,30,77,160,0,0
1662356249490,85,Publish Message,200,Pub Group 1-3,,true,,20,48,47,77,85,0,0
1662356249490,85,Publish Message,200,Pub Group 1-32,,true,,20,49,47,77,85,0,0
1662356249577,111,Subscribe Message,200,Sub Group 2-27,,true,,49,0,30,77,111,0,0
1662356249493,85,Publish Message,200,Pub Group 1-9,,true,,20,48,47,77,85,0,0
1662356249579,98,Subscribe Message,200,Sub Group 2-28,,true,,49,0,30,77,98,0,0
1662356249498,84,Publish Message,200,Pub Group 1-21,,true,,20,49,48,78,84,0,0
1662356249583,96,Subscribe Message,200,Sub Group 2-30,,true,,48,0,30,78,96,0,0
1662356249416,168,Connect,200,Sub Group 2-38,,true,,11,0,30,78,0,0,0
1662356249585,98,Subscribe Message,200,Sub Group 2-29,,true,,49,0,30,78,98,0,0
1662356249416,171,Connect,200,Pub Group 1-38,,true,,11,0,48,79,0,0,0
1662356249514,84,Publish Message,200,Pub Group 1-27,,true,,20,49,49,80,84,0,0
1662356249514,84,Publish Message,200,Pub Group 1-33,,true,,20,49,49,80,84,0,0
1662356249600,190,Subscribe Message,200,Sub Group 2-22,,true,,49,0,31,80,190,0,0
1662356249603,176,Subscribe Message,200,Sub Group 2-25,,true,,49,0,32,81,176,0,0
1662356249520,84,Disconnect,200,Sub Group 2-19,,true,,11,0,32,81,0,0,0
1662356249520,85,Disconnect,200,Sub Group 2-18,,true,,11,0,31,80,0,0,0
1662356249605,144,Subscribe Message,200,Sub Group 2-26,,true,,49,0,30,79,144,0,0
1662356249521,84,Disconnect,200,Sub Group 2-20,,true,,11,0,30,79,0,0,0
1662356249435,171,Connect,200,Sub Group 2-39,,true,,11,0,30,79,0,0,0
1662356249435,171,Connect,200,Pub Group 1-39,,true,,11,0,49,78,0,0,0
1662356249608,95,Subscribe Message,200,Sub Group 2-27,,true,,49,0,29,78,95,0,0
1662356249609,96,Subscribe Message,200,Sub Group 2-28,,true,,49,0,29,78,96,0,0
1662356249527,83,Publish Message,200,Pub Group 1-28,,true,,20,49,49,78,83,0,0
1662356249528,84,Publish Message,200,Pub Group 1-34,,true,,20,49,49,78,84,0,0
1662356249613,98,Subscribe Message,200,Sub Group 2-30,,true,,49,0,29,78,98,0,0
1662356249531,83,Disconnect,200,Sub Group 2-21,,true,,11,0,29,78,0,0,0
1662356249616,98,Subscribe Message,200,Sub Group 2-29,,true,,48,0,28,77,98,0,0
1662356249538,84,Disconnect,200,Sub Group 2-23,,true,,11,0,28,78,0,0,0
1662356249449,175,Connect,200,Pub Group 1-40,,true,,11,0,50,77,0,0,0
1662356249542,85,Disconnect,200,Sub Group 2-24,,true,,11,0,28,78,0,0,0
1662356249456,178,Connect,200,Sub Group 2-40,,true,,11,0,27,77,0,0,0
1662356249551,87,Publish Message,200,Pub Group 1-29,,true,,20,49,50,77,87,0,0
1662356249554,85,Publish Message,200,Pub Group 1-35,,true,,20,49,50,77,85,0,0
1662356249562,82,Publish Message,200,Pub Group 1-30,,true,,20,49,50,77,82,0,0
1662356249471,174,Connect,200,Pub Group 1-41,,true,,11,0,50,77,0,0,0
1662356249476,170,Connect,200,Sub Group 2-41,,true,,11,0,27,77,0,0,0
1662356249568,82,Publish Message,200,Pub Group 1-17,,true,,20,49,50,77,82,0,0
1662356249568,82,Publish Message,200,Pub Group 1-11,,true,,20,49,50,77,82,0,0
1662356249568,82,Publish Message,200,Pub Group 1-13,,true,,20,49,50,77,82,0,0
1662356249569,83,Publish Message,200,Pub Group 1-6,,true,,20,48,50,77,83,0,0
1662356249572,84,Publish Message,200,Pub Group 1-23,,true,,20,49,50,77,84,0,0
1662356249572,84,Publish Message,200,Pub Group 1-1,,true,,20,48,50,77,84,0,0
1662356249572,84,Publish Message,200,Pub Group 1-7,,true,,20,48,50,77,84,0,0
1662356249656,176,Subscribe Message,200,Sub Group 2-31,,true,,49,0,27,77,176,0,0
1662356249490,166,Connect,200,Pub Group 1-42,,true,,11,0,50,77,0,0,0
1662356249573,83,Publish Message,200,Pub Group 1-22,,true,,20,49,50,77,83,0,0
1662356249574,84,Publish Message,200,Pub Group 1-10,,true,,20,49,50,77,84,0,0
1662356249658,159,Subscribe Message,200,Sub Group 2-32,,true,,49,0,27,77,159,0,0
1662356249574,85,Publish Message,200,Pub Group 1-12,,true,,20,49,50,77,85,0,0
1662356249575,84,Publish Message,200,Pub Group 1-36,,true,,20,49,50,77,84,0,0
1662356249575,84,Publish Message,200,Pub Group 1-2,,true,,20,48,50,77,84,0,0
1662356249575,85,Publish Message,200,Pub Group 1-16,,true,,20,49,50,77,85,0,0
1662356249661,133,Subscribe Message,200,Sub Group 2-33,,true,,49,0,27,77,133,0,0
1662356249577,86,Publish Message,200,Pub Group 1-18,,true,,20,49,50,77,86,0,0
1662356249577,86,Publish Message,200,Pub Group 1-5,,true,,20,48,50,77,86,0,0
1662356249663,111,Subscribe Message,200,Sub Group 2-34,,true,,49,0,27,77,111,0,0
1662356249579,84,Publish Message,200,Pub Group 1-25,,true,,20,49,50,77,84,0,0
1662356249578,87,Publish Message,200,Pub Group 1-24,,true,,20,49,50,77,87,0,0
1662356249665,96,Subscribe Message,200,Sub Group 2-36,,true,,49,0,27,77,96,0,0
1662356249666,105,Subscribe Message,200,Sub Group 2-35,,true,,49,0,27,77,105,0,0
1662356249495,172,Connect,200,Sub Group 2-42,,true,,11,0,27,77,0,0,0
1662356249583,84,Publish Message,200,Pub Group 1-31,,true,,20,49,50,77,84,0,0
1662356249588,82,Publish Message,200,Pub Group 1-15,,true,,20,49,50,77,82,0,0
1662356249590,82,Publish Message,200,Pub Group 1-26,,true,,20,49,50,77,82,0,0
1662356249587,85,Publish Message,200,Pub Group 1-8,,true,,20,48,50,77,85,0,0
1662356249587,87,Publish Message,200,Pub Group 1-19,,true,,20,49,50,77,87,0,0
1662356249590,84,Publish Message,200,Pub Group 1-14,,true,,20,49,50,77,84,0,0
1662356249510,169,Connect,200,Sub Group 2-43,,true,,11,0,27,77,0,0,0
1662356249594,86,Publish Message,200,Pub Group 1-37,,true,,20,49,50,77,86,0,0
1662356249510,172,Connect,200,Pub Group 1-43,,true,,11,0,50,77,0,0,0
1662356249597,85,Publish Message,200,Pub Group 1-20,,true,,20,49,50,77,85,0,0
1662356249603,83,Publish Message,200,Pub Group 1-4,,true,,20,48,50,77,83,0,0
1662356249689,176,Subscribe Message,200,Sub Group 2-31,,true,,49,0,27,77,176,0,0
1662356249689,144,Subscribe Message,200,Sub Group 2-32,,true,,49,0,27,77,144,0,0
1662356249605,85,Publish Message,200,Pub Group 1-32,,true,,20,49,50,77,85,0,0
1662356249605,85,Publish Message,200,Pub Group 1-3,,true,,20,48,50,77,85,0,0
1662356249531,163,Connect,200,Pub Group 1-44,,true,,11,0,50,77,0,0,0
1662356249609,85,Publish Message,200,Pub Group 1-9,,true,,20,48,50,77,85,0,0
1662356249612,84,Publish Message,200,Pub Group 1-21,,true,,20,49,50,77,84,0,0
1662356249536,164,Connect,200,Sub Group 2-44,,true,,11,0,27,77,0,0,0
1662356249616,85,Publish Message,200,Pub Group 1-38,,true,,20,49,50,77,85,0,0
1662356249705,98,Subscribe Message,200,Sub Group 2-35,,true,,49,0,27,77,98,0,0
1662356249705,108,Subscribe Message,200,Sub Group 2-34,,true,,49,0,27,77,108,0,0
1662356249705,96,Subscribe Message,200,Sub Group 2-36,,true,,49,0,27,77,96,0,0
1662356249705,132,Subscribe Message,200,Sub Group 2-33,,true,,49,0,27,77,132,0,0
1662356249628,84,Publish Message,200,Pub Group 1-27,,true,,20,49,50,77,84,0,0
1662356249629,85,Publish Message,200,Pub Group 1-33,,true,,20,49,50,77,85,0,0
1662356249631,85,Disconnect,200,Sub Group 2-22,,true,,11,0,27,77,0,0,0
1662356249634,85,Disconnect,200,Sub Group 2-25,,true,,11,0,26,76,0,0,0
1662356249636,83,Publish Message,200,Pub Group 1-39,,true,,20,49,50,75,83,0,0
1662356249636,85,Disconnect,200,Sub Group 2-26,,true,,11,0,25,75,0,0,0
1662356249720,173,Subscribe Message,200,Sub Group 2-31,,true,,49,0,25,75,173,0,0
1662356249720,146,Subscribe Message,200,Sub Group 2-32,,true,,49,0,25,75,146,0,0
1662356249640,82,Publish Message,200,Pub Group 1-28,,true,,20,49,50,74,82,0,0
1662356249640,84,Disconnect,200,Sub Group 2-28,,true,,11,0,24,74,0,0,0
1662356249639,86,Disconnect,200,Sub Group 2-27,,true,,11,0,23,73,0,0,0
1662356249643,84,Publish Message,200,Pub Group 1-34,,true,,20,49,50,72,84,0,0
1662356249644,85,Disconnect,200,Sub Group 2-30,,true,,11,0,22,72,0,0,0
1662356249551,179,Connect,200,Pub Group 1-45,,true,,11,0,50,71,0,0,0
1662356249556,175,Connect,200,Sub Group 2-45,,true,,11,0,21,71,0,0,0
1662356249647,86,Disconnect,200,Sub Group 2-29,,true,,11,0,21,71,0,0,0
1662356249735,96,Subscribe Message,200,Sub Group 2-36,,true,,49,0,20,70,96,0,0
1662356249735,92,Subscribe Message,200,Sub Group 2-35,,true,,49,0,20,70,92,0,0
1662356249735,110,Subscribe Message,200,Sub Group 2-33,,true,,49,0,20,70,110,0,0
1662356249735,101,Subscribe Message,200,Sub Group 2-34,,true,,49,0,20,70,101,0,0
1662356249654,84,Publish Message,200,Pub Group 1-40,,true,,20,49,50,70,84,0,0
1662356249570,171,Connect,200,Pub Group 1-46,,true,,11,0,50,70,0,0,0
1662356249575,171,Connect,200,Sub Group 2-46,,true,,11,0,20,70,0,0,0
1662356249588,165,Connect,200,Pub Group 1-47,,true,,11,0,50,70,0,0,0
1662356249735,82,Publish Message,200,Pub Group 1-44,,true,,20,49,50,70,82,0,0
1662356249720,86,Publish Message,200,Pub Group 1-37,,true,,20,49,50,70,86,0,0
1662356249720,86,Publish Message,200,Pub Group 1-3,,true,,20,48,50,70,86,0,0
1662356249720,86,Publish Message,200,Pub Group 1-43,,true,,20,49,50,70,86,0,0
1662356249720,85,Publish Message,200,Pub Group 1-20,,true,,20,49,50,70,85,0,0
1662356249720,85,Publish Message,200,Pub Group 1-32,,true,,20,49,50,70,85,0,0
1662356249804,99,Subscribe Message,200,Sub Group 2-41,,true,,49,0,20,70,99,0,0
1662356249720,83,Publish Message,200,Pub Group 1-4,,true,,20,48,50,70,83,0,0
1662356249628,170,Connect,200,Pub Group 1-49,,true,,11,0,50,70,0,0,0
1662356249632,162,Connect,200,Sub Group 2-49,,true,,11,0,20,70,0,0,0
1662356249616,177,Connect,200,Sub Group 2-48,,true,,11,0,20,70,0,0,0
1662356249705,87,Publish Message,200,Pub Group 1-24,,true,,20,49,50,70,87,0,0
1662356249705,87,Publish Message,200,Pub Group 1-19,,true,,20,49,50,70,87,0,0
1662356249792,116,Subscribe Message,200,Sub Group 2-40,,true,,49,0,20,70,116,0,0
1662356249705,86,Publish Message,200,Pub Group 1-18,,true,,20,49,50,70,86,0,0
1662356249705,86,Publish Message,200,Pub Group 1-5,,true,,20,48,50,70,86,0,0
1662356249705,85,Publish Message,200,Pub Group 1-16,,true,,20,49,50,70,85,0,0
1662356249705,85,Publish Message,200,Pub Group 1-8,,true,,20,48,50,70,85,0,0
1662356249705,85,Publish Message,200,Pub Group 1-25,,true,,20,49,50,70,85,0,0
1662356249705,85,Publish Message,200,Pub Group 1-2,,true,,20,48,50,70,85,0,0
1662356249705,85,Publish Message,200,Pub Group 1-14,,true,,20,49,50,70,85,0,0
1662356249705,85,Publish Message,200,Pub Group 1-36,,true,,20,49,50,70,85,0,0
1662356249705,84,Publish Message,200,Pub Group 1-31,,true,,20,49,50,70,84,0,0
1662356249705,82,Publish Message,200,Pub Group 1-15,,true,,20,49,50,70,82,0,0
1662356249705,82,Publish Message,200,Pub Group 1-26,,true,,20,49,50,70,82,0,0
1662356249610,173,Connect,200,Pub Group 1-48,,true,,11,0,50,70,0,0,0
1662356249689,85,Publish Message,200,Pub Group 1-41,,true,,20,49,50,70,85,0,0
1662356249773,136,Subscribe Message,200,Sub Group 2-39,,true,,49,0,20,70,136,0,0
1662356249773,178,Subscribe Message,200,Sub Group 2-37,,true,,49,0,20,70,178,0,0
1662356249689,84,Publish Message,200,Pub Group 1-12,,true,,20,49,50,70,84,0,0
1662356249689,84,Publish Message,200,Pub Group 1-10,,true,,20,49,50,70,84,0,0
1662356249689,84,Publish Message,200,Pub Group 1-23,,true,,20,49,50,70,84,0,0
1662356249689,84,Publish Message,200,Pub Group 1-1,,true,,20,48,50,70,84,0,0
1662356249689,84,Publish Message,200,Pub Group 1-7,,true,,20,48,50,70,84,0,0
1662356249689,83,Publish Message,200,Pub Group 1-22,,true,,20,49,50,70,83,0,0
1662356249689,83,Publish Message,200,Pub Group 1-6,,true,,20,48,50,70,83,0,0
1662356249771,155,Subscribe Message,200,Sub Group 2-38,,true,,49,0,20,70,155,0,0
1662356249689,82,Publish Message,200,Pub Group 1-30,,true,,20,49,50,70,82,0,0
1662356249595,176,Connect,200,Sub Group 2-47,,true,,11,0,20,70,0,0,0
1662356249689,81,Publish Message,200,Pub Group 1-42,,true,,20,49,50,70,81,0,0
1662356249689,81,Publish Message,200,Pub Group 1-17,,true,,20,49,50,70,81,0,0
1662356249689,81,Publish Message,200,Pub Group 1-13,,true,,20,49,50,70,81,0,0
1662356249689,81,Publish Message,200,Pub Group 1-11,,true,,20,49,50,70,81,0,0
1662356249673,86,Publish Message,200,Pub Group 1-35,,true,,20,49,50,70,86,0,0
1662356249673,87,Publish Message,200,Pub Group 1-29,,true,,20,49,50,70,87,0,0
1662356249735,85,Publish Message,200,Pub Group 1-38,,true,,20,49,50,70,85,0,0
1662356249735,85,Publish Message,200,Pub Group 1-21,,true,,20,49,50,70,85,0,0
1662356249650,170,Connect,200,Pub Group 1-50,,true,,11,0,50,70,0,0,0
1662356249735,86,Publish Message,200,Pub Group 1-9,,true,,20,48,50,70,86,0,0
1662356249657,174,Connect,200,Sub Group 2-50,,true,,11,0,20,70,0,0,0
1662356249750,84,Publish Message,200,Pub Group 1-27,,true,,20,49,50,70,84,0,0
1662356249750,84,Publish Message,200,Pub Group 1-39,,true,,20,49,50,70,84,0,0
1662356249750,85,Publish Message,200,Pub Group 1-33,,true,,20,49,50,70,85,0,0
1662356249765,83,Publish Message,200,Pub Group 1-28,,true,,20,49,50,70,83,0,0
1662356249765,84,Publish Message,200,Pub Group 1-34,,true,,20,49,50,70,84,0,0
1662356249765,85,Disconnect,200,Sub Group 2-32,,true,,11,0,20,70,0,0,0
1662356249765,85,Publish Message,200,Pub Group 1-45,,true,,20,49,50,69,85,0,0
1662356249765,86,Disconnect,200,Sub Group 2-31,,true,,11,0,19,69,0,0,0
1662356249858,143,Subscribe Message,200,Sub Group 2-38,,true,,49,0,18,68,143,0,0
1662356249858,100,Subscribe Message,200,Sub Group 2-40,,true,,49,0,18,68,100,0,0
1662356249858,133,Subscribe Message,200,Sub Group 2-39,,true,,49,0,18,68,133,0,0
1662356249858,99,Subscribe Message,200,Sub Group 2-41,,true,,49,0,18,68,99,0,0
1662356249859,176,Subscribe Message,200,Sub Group 2-37,,true,,49,0,18,68,176,0,0
1662356249780,84,Publish Message,200,Pub Group 1-46,,true,,20,49,50,68,84,0,0
1662356249780,84,Disconnect,200,Sub Group 2-36,,true,,11,0,18,68,0,0,0
1662356249780,85,Publish Message,200,Pub Group 1-40,,true,,20,49,50,67,85,0,0
1662356249865,145,Subscribe Message,200,Sub Group 2-42,,true,,49,0,17,67,145,0,0
1662356249780,85,Disconnect,200,Sub Group 2-35,,true,,11,0,17,67,0,0,0
1662356249780,88,Disconnect,200,Sub Group 2-34,,true,,11,0,16,66,0,0,0
1662356249780,88,Disconnect,200,Sub Group 2-33,,true,,11,0,16,66,0,0,0
1662356249796,82,Publish Message,200,Pub Group 1-47,,true,,20,49,50,64,82,0,0
1662356249890,100,Subscribe Message,200,Sub Group 2-40,,true,,49,0,14,64,100,0,0
1662356249890,172,Subscribe Message,200,Sub Group 2-37,,true,,48,0,14,64,172,0,0
1662356249890,142,Subscribe Message,200,Sub Group 2-38,,true,,49,0,14,64,142,0,0
1662356249890,130,Subscribe Message,200,Sub Group 2-39,,true,,49,0,14,64,130,0,0
1662356249890,99,Subscribe Message,200,Sub Group 2-41,,true,,48,0,14,64,99,0,0
1662356249905,145,Subscribe Message,200,Sub Group 2-42,,true,,49,0,14,64,145,0,0
1662356249937,145,Subscribe Message,200,Sub Group 2-42,,true,,49,0,14,64,145,0,0
1662356249858,83,Publish Message,200,Pub Group 1-17,,true,,20,49,50,64,83,0,0
1662356249858,83,Publish Message,200,Pub Group 1-13,,true,,20,49,50,64,83,0,0
1662356249858,83,Publish Message,200,Pub Group 1-30,,true,,20,49,50,64,83,0,0
1662356249859,82,Publish Message,200,Pub Group 1-15,,true,,20,49,50,64,82,0,0
1662356249858,83,Publish Message,200,Pub Group 1-6,,true,,20,48,50,64,83,0,0
1662356249858,83,Publish Message,200,Pub Group 1-42,,true,,20,49,50,64,83,0,0
1662356249858,83,Publish Message,200,Pub Group 1-26,,true,,20,49,50,64,83,0,0
1662356249942,190,Subscribe Message,200,Sub Group 2-44,,true,,49,0,14,64,190,0,0
1662356249858,84,Publish Message,200,Pub Group 1-44,,true,,20,49,50,64,84,0,0
1662356249858,84,Publish Message,200,Pub Group 1-11,,true,,20,49,50,64,84,0,0
1662356249942,207,Subscribe Message,200,Sub Group 2-43,,true,,49,0,14,64,207,0,0
1662356249858,85,Publish Message,200,Pub Group 1-21,,true,,20,49,50,64,85,0,0
1662356249859,84,Publish Message,200,Pub Group 1-49,,true,,20,49,50,64,84,0,0
1662356249858,85,Publish Message,200,Pub Group 1-50,,true,,20,49,50,64,85,0,0
1662356249858,85,Publish Message,200,Pub Group 1-14,,true,,20,49,50,64,85,0,0
1662356249859,85,Publish Message,200,Pub Group 1-23,,true,,20,49,50,64,85,0,0
1662356249858,86,Publish Message,200,Pub Group 1-12,,true,,20,49,50,64,86,0,0
1662356249858,86,Publish Message,200,Pub Group 1-22,,true,,20,49,50,64,86,0,0
1662356249859,85,Publish Message,200,Pub Group 1-31,,true,,20,49,50,64,85,0,0
1662356249858,86,Publish Message,200,Pub Group 1-4,,true,,20,48,50,64,86,0,0
1662356249944,163,Subscribe Message,200,Sub Group 2-45,,true,,49,0,14,64,163,0,0
1662356249858,86,Publish Message,200,Pub Group 1-38,,true,,20,49,50,64,86,0,0
1662356249858,86,Publish Message,200,Pub Group 1-2,,true,,20,48,50,64,86,0,0
1662356249858,87,Publish Message,200,Pub Group 1-35,,true,,20,49,50,64,87,0,0
1662356249858,87,Publish Message,200,Pub Group 1-1,,true,,20,48,50,64,87,0,0
1662356249858,87,Publish Message,200,Pub Group 1-36,,true,,20,49,50,64,87,0,0
1662356249859,86,Publish Message,200,Pub Group 1-41,,true,,20,49,50,64,86,0,0
1662356249858,87,Publish Message,200,Pub Group 1-7,,true,,20,48,50,64,87,0,0
1662356249859,86,Publish Message,200,Pub Group 1-8,,true,,20,48,50,64,86,0,0
1662356249858,87,Publish Message,200,Pub Group 1-3,,true,,20,48,50,64,87,0,0
1662356249945,149,Subscribe Message,200,Sub Group 2-46,,true,,49,0,14,64,149,0,0
1662356249858,87,Publish Message,200,Pub Group 1-10,,true,,20,49,50,64,87,0,0
1662356249859,86,Publish Message,200,Pub Group 1-25,,true,,20,49,50,64,86,0,0
1662356249858,87,Publish Message,200,Pub Group 1-5,,true,,20,48,50,64,87,0,0
1662356249858,88,Publish Message,200,Pub Group 1-29,,true,,20,49,50,64,88,0,0
1662356249859,87,Publish Message,200,Pub Group 1-16,,true,,20,49,50,64,87,0,0
1662356249859,87,Publish Message,200,Pub Group 1-48,,true,,20,49,50,64,87,0,0
1662356249859,87,Publish Message,200,Pub Group 1-32,,true,,20,49,50,64,87,0,0
1662356249858,88,Publish Message,200,Pub Group 1-20,,true,,20,49,50,64,88,0,0
1662356249858,88,Publish Message,200,Pub Group 1-18,,true,,20,49,50,64,88,0,0
1662356249859,87,Publish Message,200,Pub Group 1-37,,true,,20,49,50,64,87,0,0
1662356249859,87,Publish Message,200,Pub Group 1-9,,true,,20,48,50,64,87,0,0
1662356249859,88,Publish Message,200,Pub Group 1-43,,true,,20,49,50,64,88,0,0
1662356249858,89,Publish Message,200,Pub Group 1-19,,true,,20,49,50,64,89,0,0
1662356249859,89,Publish Message,200,Pub Group 1-24,,true,,20,49,50,64,89,0,0
1662356249874,84,Publish Message,200,Pub Group 1-27,,true,,20,49,50,64,84,0,0
1662356249874,84,Publish Message,200,Pub Group 1-39,,true,,20,49,50,64,84,0,0
1662356249874,85,Publish Message,200,Pub Group 1-33,,true,,20,49,50,64,85,0,0
1662356249972,114,Subscribe Message,200,Sub Group 2-49,,true,,49,0,14,64,114,0,0
1662356249890,82,Publish Message,200,Pub Group 1-28,,true,,20,49,50,64,82,0,0
1662356249890,83,Publish Message,200,Pub Group 1-34,,true,,20,49,50,64,83,0,0
1662356249890,85,Publish Message,200,Pub Group 1-45,,true,,20,49,50,64,85,0,0
1662356249985,163,Subscribe Message,200,Sub Group 2-45,,true,,49,0,14,64,163,0,0
1662356249985,190,Subscribe Message,200,Sub Group 2-44,,true,,49,0,14,64,190,0,0
1662356249985,207,Subscribe Message,200,Sub Group 2-43,,true,,48,0,14,64,207,0,0
1662356249985,87,Subscribe Message,200,Sub Group 2-46,,true,,48,0,14,64,87,0,0
1662356249905,85,Publish Message,200,Pub Group 1-46,,true,,20,49,50,64,85,0,0
1662356249905,86,Publish Message,200,Pub Group 1-40,,true,,20,49,50,64,86,0,0
1662356249992,133,Subscribe Message,200,Sub Group 2-48,,true,,49,0,14,64,133,0,0
1662356249921,81,Publish Message,200,Pub Group 1-47,,true,,20,49,50,64,81,0,0
1662356249921,85,Disconnect,200,Sub Group 2-38,,true,,11,0,14,64,0,0,0
1662356249921,85,Disconnect,200,Sub Group 2-39,,true,,11,0,13,63,0,0,0
1662356249921,87,Disconnect,200,Sub Group 2-40,,true,,11,0,12,62,0,0,0
1662356249921,88,Disconnect,200,Sub Group 2-41,,true,,11,0,11,61,0,0,0
1662356249921,88,Disconnect,200,Sub Group 2-37,,true,,11,0,10,60,0,0,0
1662356250016,147,Subscribe Message,200,Sub Group 2-45,,true,,49,0,9,59,147,0,0
1662356250016,190,Subscribe Message,200,Sub Group 2-44,,true,,49,0,9,59,190,0,0
1662356250016,88,Subscribe Message,200,Sub Group 2-46,,true,,49,0,9,59,88,0,0
1662356250016,114,Subscribe Message,200,Sub Group 2-49,,true,,49,0,9,59,114,0,0
1662356250016,208,Subscribe Message,200,Sub Group 2-43,,true,,49,0,9,59,208,0,0
1662356250031,133,Subscribe Message,200,Sub Group 2-48,,true,,49,0,9,59,133,0,0
1662356250047,114,Subscribe Message,200,Sub Group 2-49,,true,,49,0,9,59,114,0,0
1662356249968,88,Disconnect,200,Sub Group 2-42,,true,,11,0,9,59,0,0,0
1662356250063,134,Subscribe Message,200,Sub Group 2-48,,true,,49,0,8,58,134,0,0
1662356249985,82,Publish Message,200,Pub Group 1-26,,true,,20,49,50,58,82,0,0
1662356249985,83,Publish Message,200,Pub Group 1-42,,true,,20,49,50,58,83,0,0
1662356249985,83,Publish Message,200,Pub Group 1-17,,true,,20,49,50,58,83,0,0
1662356249985,83,Publish Message,200,Pub Group 1-15,,true,,20,49,50,58,83,0,0
1662356249985,83,Publish Message,200,Pub Group 1-44,,true,,20,49,50,58,83,0,0
1662356249985,83,Publish Message,200,Pub Group 1-11,,true,,20,49,50,58,83,0,0
1662356249985,83,Publish Message,200,Pub Group 1-49,,true,,20,49,50,58,83,0,0
1662356249985,83,Publish Message,200,Pub Group 1-13,,true,,20,49,50,58,83,0,0
1662356249985,83,Publish Message,200,Pub Group 1-6,,true,,20,48,50,58,83,0,0
1662356249985,83,Publish Message,200,Pub Group 1-30,,true,,20,49,50,58,83,0,0
1662356249985,84,Publish Message,200,Pub Group 1-4,,true,,20,48,50,58,84,0,0
1662356249985,84,Publish Message,200,Pub Group 1-31,,true,,20,49,50,58,84,0,0
1662356249985,85,Publish Message,200,Pub Group 1-22,,true,,20,49,50,58,85,0,0
1662356249985,85,Publish Message,200,Pub Group 1-23,,true,,20,49,50,58,85,0,0
1662356249985,86,Publish Message,200,Pub Group 1-43,,true,,20,49,50,58,86,0,0
1662356249985,86,Publish Message,200,Pub Group 1-1,,true,,20,48,50,58,86,0,0
1662356249985,86,Publish Message,200,Pub Group 1-7,,true,,20,48,50,58,86,0,0
1662356249985,86,Publish Message,200,Pub Group 1-50,,true,,20,49,50,58,86,0,0
1662356249985,86,Publish Message,200,Pub Group 1-36,,true,,20,49,50,58,86,0,0
1662356249985,86,Publish Message,200,Pub Group 1-2,,true,,20,48,50,58,86,0,0
1662356249985,86,Publish Message,200,Pub Group 1-37,,true,,20,49,50,58,86,0,0
1662356249985,86,Publish Message,200,Pub Group 1-14,,true,,20,49,50,58,86,0,0
1662356250071,196,Subscribe Message,200,Sub Group 2-50,,true,,49,0,8,58,196,0,0
1662356249985,86,Publish Message,200,Pub Group 1-18,,true,,20,49,50,58,86,0,0
1662356249985,86,Publish Message,200,Pub Group 1-25,,true,,20,49,50,58,86,0,0
1662356249985,86,Publish Message,200,Pub Group 1-41,,true,,20,49,50,58,86,0,0
1662356249985,86,Publish Message,200,Pub Group 1-10,,true,,20,49,50,58,86,0,0
1662356249985,86,Publish Message,200,Pub Group 1-8,,true,,20,48,50,58,86,0,0
1662356249985,86,Publish Message,200,Pub Group 1-12,,true,,20,49,50,58,86,0,0
1662356249985,86,Publish Message,200,Pub Group 1-16,,true,,20,49,50,58,86,0,0
1662356250071,212,Subscribe Message,200,Sub Group 2-47,,true,,49,0,8,58,212,0,0
1662356249985,87,Publish Message,200,Pub Group 1-38,,true,,20,49,50,58,87,0,0
1662356249985,87,Publish Message,200,Pub Group 1-21,,true,,20,49,50,58,87,0,0
1662356249985,87,Publish Message,200,Pub Group 1-32,,true,,20,49,50,58,87,0,0
1662356249985,87,Publish Message,200,Pub Group 1-9,,true,,20,48,50,58,87,0,0
1662356249985,87,Publish Message,200,Pub Group 1-5,,true,,20,48,50,58,87,0,0
1662356249985,87,Publish Message,200,Pub Group 1-3,,true,,20,48,50,58,87,0,0
1662356249985,87,Publish Message,200,Pub Group 1-48,,true,,20,49,50,58,87,0,0
1662356249985,87,Publish Message,200,Pub Group 1-20,,true,,20,49,50,58,87,0,0
1662356249985,87,Publish Message,200,Pub Group 1-19,,true,,20,49,50,58,87,0,0
1662356249985,88,Publish Message,200,Pub Group 1-35,,true,,20,49,50,58,88,0,0
1662356249985,88,Publish Message,200,Pub Group 1-29,,true,,20,49,50,58,88,0,0
1662356249985,89,Publish Message,200,Pub Group 1-24,,true,,20,49,50,58,89,0,0
1662356250000,84,Publish Message,200,Pub Group 1-27,,true,,20,49,50,58,84,0,0
1662356250000,84,Publish Message,200,Pub Group 1-39,,true,,20,49,50,58,84,0,0
1662356250000,86,Publish Message,200,Pub Group 1-33,,true,,20,49,50,58,86,0,0
1662356250016,82,Publish Message,200,Pub Group 1-28,,true,,20,49,50,58,82,0,0
1662356250016,84,Publish Message,200,Pub Group 1-34,,true,,20,49,50,58,84,0,0
1662356250016,85,Publish Message,200,Pub Group 1-45,,true,,20,49,50,58,85,0,0
1662356250110,197,Subscribe Message,200,Sub Group 2-47,,true,,49,0,8,58,197,0,0
1662356250110,196,Subscribe Message,200,Sub Group 2-50,,true,,49,0,8,58,196,0,0
1662356250031,84,Publish Message,200,Pub Group 1-46,,true,,20,49,50,58,84,0,0
1662356250031,85,Publish Message,200,Pub Group 1-40,,true,,20,49,50,58,85,0,0
1662356250047,81,Publish Message,200,Pub Group 1-47,,true,,20,49,50,58,81,0,0
1662356250047,87,Disconnect,200,Sub Group 2-44,,true,,11,0,8,58,0,0,0
1662356250047,90,Disconnect,200,Sub Group 2-45,,true,,11,0,7,57,0,0,0
1662356250047,90,Disconnect,200,Sub Group 2-43,,true,,11,0,7,57,0,0,0
1662356250047,91,Disconnect,200,Sub Group 2-46,,true,,11,0,5,55,0,0,0
1662356250141,180,Subscribe Message,200,Sub Group 2-50,,true,,49,0,4,54,180,0,0
1662356250141,199,Subscribe Message,200,Sub Group 2-47,,true,,49,0,4,54,199,0,0
1662356250078,84,Disconnect,200,Sub Group 2-49,,true,,11,0,4,54,0,0,0
1662356250094,89,Disconnect,200,Sub Group 2-48,,true,,11,0,3,53,0,0,0
1662356250110,82,Publish Message,200,Pub Group 1-15,,true,,20,49,50,52,82,0,0
1662356250110,82,Publish Message,200,Pub Group 1-30,,true,,20,49,50,52,82,0,0
1662356250110,82,Publish Message,200,Pub Group 1-44,,true,,20,49,50,52,82,0,0
1662356250110,82,Publish Message,200,Pub Group 1-26,,true,,20,49,50,52,82,0,0
1662356250110,82,Publish Message,200,Pub Group 1-17,,true,,20,49,50,52,82,0,0
1662356250110,82,Publish Message,200,Pub Group 1-11,,true,,20,49,50,52,82,0,0
1662356250110,82,Publish Message,200,Pub Group 1-42,,true,,20,49,50,52,82,0,0
1662356250110,83,Publish Message,200,Pub Group 1-49,,true,,20,49,50,52,83,0,0
1662356250110,83,Publish Message,200,Pub Group 1-13,,true,,20,49,50,52,83,0,0
1662356250110,83,Publish Message,200,Pub Group 1-6,,true,,20,48,50,52,83,0,0
1662356250110,84,Publish Message,200,Pub Group 1-31,,true,,20,49,50,52,84,0,0
1662356250110,84,Publish Message,200,Pub Group 1-22,,true,,20,49,50,52,84,0,0
1662356250110,84,Publish Message,200,Pub Group 1-23,,true,,20,49,50,52,84,0,0
1662356250110,84,Publish Message,200,Pub Group 1-7,,true,,20,48,50,52,84,0,0
1662356250110,84,Publish Message,200,Pub Group 1-14,,true,,20,49,50,52,84,0,0
1662356250110,84,Publish Message,200,Pub Group 1-38,,true,,20,49,50,52,84,0,0
1662356250110,85,Publish Message,200,Pub Group 1-36,,true,,20,49,50,52,85,0,0
1662356250110,85,Publish Message,200,Pub Group 1-20,,true,,20,49,50,52,85,0,0
1662356250110,85,Publish Message,200,Pub Group 1-25,,true,,20,49,50,52,85,0,0
1662356250110,85,Publish Message,200,Pub Group 1-9,,true,,20,48,50,52,85,0,0
1662356250110,85,Publish Message,200,Pub Group 1-21,,true,,20,49,50,52,85,0,0
1662356250110,85,Publish Message,200,Pub Group 1-16,,true,,20,49,50,52,85,0,0
1662356250110,85,Publish Message,200,Pub Group 1-50,,true,,20,49,50,52,85,0,0
1662356250110,85,Publish Message,200,Pub Group 1-10,,true,,20,49,50,52,85,0,0
1662356250110,85,Publish Message,200,Pub Group 1-12,,true,,20,49,50,52,85,0,0
1662356250110,85,Publish Message,200,Pub Group 1-8,,true,,20,48,50,52,85,0,0
1662356250110,86,Disconnect,200,Pub Group 1-4,,true,,11,0,50,52,0,0,0
1662356250110,86,Publish Message,200,Pub Group 1-41,,true,,20,49,50,52,86,0,0
1662356250110,86,Publish Message,200,Pub Group 1-32,,true,,20,49,50,52,86,0,0
1662356250110,87,Publish Message,200,Pub Group 1-5,,true,,20,48,49,51,87,0,0
1662356250110,87,Publish Message,200,Pub Group 1-43,,true,,20,49,49,51,87,0,0
1662356250110,87,Publish Message,200,Pub Group 1-48,,true,,20,49,49,51,87,0,0
1662356250110,87,Publish Message,200,Pub Group 1-19,,true,,20,49,49,51,87,0,0
1662356250110,87,Publish Message,200,Pub Group 1-35,,true,,20,49,49,51,87,0,0
1662356250110,87,Publish Message,200,Pub Group 1-37,,true,,20,49,49,51,87,0,0
1662356250110,87,Publish Message,200,Pub Group 1-18,,true,,20,49,49,51,87,0,0
1662356250110,87,Disconnect,200,Pub Group 1-3,,true,,11,0,49,51,0,0,0
1662356250110,87,Publish Message,200,Pub Group 1-29,,true,,20,49,49,51,87,0,0
1662356250110,87,Disconnect,200,Pub Group 1-2,,true,,11,0,49,51,0,0,0
1662356250110,87,Disconnect,200,Pub Group 1-1,,true,,11,0,49,51,0,0,0
1662356250110,88,Publish Message,200,Pub Group 1-24,,true,,20,49,46,48,88,0,0
1662356250125,84,Publish Message,200,Pub Group 1-27,,true,,20,49,46,48,84,0,0
1662356250125,84,Publish Message,200,Pub Group 1-39,,true,,20,49,46,48,84,0,0
1662356250125,85,Publish Message,200,Pub Group 1-33,,true,,20,49,46,48,85,0,0
1662356250141,83,Publish Message,200,Pub Group 1-28,,true,,20,49,46,48,83,0,0
1662356250141,84,Publish Message,200,Pub Group 1-34,,true,,20,49,46,48,84,0,0
1662356250141,85,Publish Message,200,Pub Group 1-45,,true,,20,49,46,48,85,0,0
1662356250156,85,Publish Message,200,Pub Group 1-46,,true,,20,49,46,48,85,0,0
1662356250156,85,Publish Message,200,Pub Group 1-40,,true,,20,49,46,48,85,0,0
1662356250233,85,Publish Message,200,Pub Group 1-43,,true,,20,49,46,48,85,0,0
1662356250233,84,Disconnect,200,Pub Group 1-6,,true,,11,0,46,48,0,0,0
1662356250233,85,Publish Message,200,Pub Group 1-14,,true,,20,49,46,48,85,0,0
1662356250233,85,Publish Message,200,Pub Group 1-21,,true,,20,49,46,48,85,0,0
1662356250233,84,Publish Message,200,Pub Group 1-22,,true,,20,49,46,48,84,0,0
1662356250233,85,Publish Message,200,Pub Group 1-41,,true,,20,49,46,48,85,0,0
1662356250232,85,Publish Message,200,Pub Group 1-10,,true,,20,49,46,48,85,0,0
1662356250233,85,Publish Message,200,Pub Group 1-25,,true,,20,49,46,48,85,0,0
1662356250233,84,Publish Message,200,Pub Group 1-23,,true,,20,49,46,48,84,0,0
1662356250233,84,Publish Message,200,Pub Group 1-31,,true,,20,49,46,48,84,0,0
1662356250233,84,Publish Message,200,Pub Group 1-50,,true,,20,49,46,48,84,0,0
1662356250233,84,Publish Message,200,Pub Group 1-36,,true,,20,49,46,48,84,0,0
1662356250233,83,Publish Message,200,Pub Group 1-30,,true,,20,49,46,48,83,0,0
1662356250233,83,Publish Message,200,Pub Group 1-49,,true,,20,49,46,48,83,0,0
1662356250233,82,Publish Message,200,Pub Group 1-13,,true,,20,49,46,48,82,0,0
1662356250233,82,Publish Message,200,Pub Group 1-15,,true,,20,49,46,48,82,0,0
1662356250233,82,Publish Message,200,Pub Group 1-26,,true,,20,49,46,48,82,0,0
1662356250233,82,Publish Message,200,Pub Group 1-17,,true,,20,49,46,48,82,0,0
1662356250233,82,Publish Message,200,Pub Group 1-44,,true,,20,49,46,48,82,0,0
1662356250232,83,Publish Message,200,Pub Group 1-11,,true,,20,49,46,48,83,0,0
1662356250233,82,Publish Message,200,Pub Group 1-42,,true,,20,49,46,48,82,0,0
1662356250171,89,Disconnect,200,Sub Group 2-47,,true,,11,0,2,48,0,0,0
1662356250171,88,Disconnect,200,Sub Group 2-50,,true,,11,0,2,48,0,0,0
1662356250171,81,Publish Message,200,Pub Group 1-47,,true,,20,49,46,48,81,0,0
1662356250233,86,Publish Message,200,Pub Group 1-16,,true,,20,49,45,45,86,0,0
1662356250233,86,Publish Message,200,Pub Group 1-12,,true,,20,49,45,45,86,0,0
1662356250233,86,Publish Message,200,Pub Group 1-38,,true,,20,49,45,45,86,0,0
1662356250233,86,Publish Message,200,Pub Group 1-18,,true,,20,49,45,45,86,0,0
1662356250233,86,Publish Message,200,Pub Group 1-32,,true,,20,49,45,45,86,0,0
1662356250233,86,Publish Message,200,Pub Group 1-35,,true,,20,49,45,45,86,0,0
1662356250233,86,Disconnect,200,Pub Group 1-7,,true,,11,0,45,45,0,0,0
1662356250233,86,Publish Message,200,Pub Group 1-48,,true,,20,49,44,44,86,0,0
1662356250233,86,Publish Message,200,Pub Group 1-20,,true,,20,49,44,44,86,0,0
1662356250233,86,Publish Message,200,Pub Group 1-37,,true,,20,49,44,44,86,0,0
1662356250233,86,Disconnect,200,Pub Group 1-8,,true,,11,0,44,44,0,0,0
1662356250233,87,Publish Message,200,Pub Group 1-29,,true,,20,49,43,43,87,0,0
1662356250233,87,Publish Message,200,Pub Group 1-19,,true,,20,49,43,43,87,0,0
1662356250233,87,Disconnect,200,Pub Group 1-5,,true,,11,0,43,43,0,0,0
1662356250232,88,Disconnect,200,Pub Group 1-9,,true,,11,0,43,43,0,0,0
1662356250233,88,Publish Message,200,Pub Group 1-24,,true,,20,49,41,41,88,0,0
1662356250248,84,Publish Message,200,Pub Group 1-39,,true,,20,49,41,41,84,0,0
1662356250248,84,Publish Message,200,Pub Group 1-27,,true,,20,49,41,41,84,0,0
1662356250248,85,Publish Message,200,Pub Group 1-33,,true,,20,49,41,41,85,0,0
1662356250263,83,Publish Message,200,Pub Group 1-28,,true,,20,49,41,41,83,0,0
1662356250263,84,Publish Message,200,Pub Group 1-34,,true,,20,49,41,41,84,0,0
1662356250263,85,Publish Message,200,Pub Group 1-45,,true,,20,49,41,41,85,0,0
1662356250278,85,Publish Message,200,Pub Group 1-46,,true,,20,49,41,41,85,0,0
1662356250278,86,Publish Message,200,Pub Group 1-40,,true,,20,49,41,41,86,0,0
1662356250356,81,Publish Message,200,Pub Group 1-44,,true,,20,49,41,41,81,0,0
1662356250356,81,Publish Message,200,Pub Group 1-17,,true,,20,49,41,41,81,0,0
1662356250356,82,Publish Message,200,Pub Group 1-49,,true,,20,49,41,41,82,0,0
1662356250356,82,Publish Message,200,Pub Group 1-47,,true,,20,49,41,41,82,0,0
1662356250356,82,Publish Message,200,Pub Group 1-42,,true,,20,49,41,41,82,0,0
1662356250356,82,Publish Message,200,Pub Group 1-30,,true,,20,49,41,41,82,0,0
1662356250356,82,Publish Message,200,Pub Group 1-26,,true,,20,49,41,41,82,0,0
1662356250355,83,Disconnect,200,Pub Group 1-15,,true,,11,0,41,41,0,0,0
1662356250356,83,Publish Message,200,Pub Group 1-22,,true,,20,49,40,40,83,0,0
1662356250356,83,Disconnect,200,Pub Group 1-11,,true,,11,0,40,40,0,0,0
1662356250356,84,Publish Message,200,Pub Group 1-23,,true,,20,49,39,39,84,0,0
1662356250356,84,Publish Message,200,Pub Group 1-36,,true,,20,49,39,39,84,0,0
1662356250356,84,Publish Message,200,Pub Group 1-31,,true,,20,49,39,39,84,0,0
1662356250356,84,Disconnect,200,Pub Group 1-13,,true,,11,0,39,39,0,0,0
1662356250356,85,Publish Message,200,Pub Group 1-38,,true,,20,49,38,38,85,0,0
1662356250356,85,Publish Message,200,Pub Group 1-25,,true,,20,49,38,38,85,0,0
1662356250356,85,Publish Message,200,Pub Group 1-21,,true,,20,49,38,38,85,0,0
1662356250356,85,Publish Message,200,Pub Group 1-50,,true,,20,49,38,38,85,0,0
1662356250356,85,Publish Message,200,Pub Group 1-20,,true,,20,49,38,38,85,0,0
1662356250356,85,Publish Message,200,Pub Group 1-41,,true,,20,49,38,38,85,0,0
1662356250356,85,Publish Message,200,Pub Group 1-32,,true,,20,49,38,38,85,0,0
1662356250356,85,Publish Message,200,Pub Group 1-16,,true,,20,49,38,38,85,0,0
1662356250356,86,Publish Message,200,Pub Group 1-37,,true,,20,49,38,38,86,0,0
1662356250356,86,Publish Message,200,Pub Group 1-48,,true,,20,49,38,38,86,0,0
1662356250356,86,Publish Message,200,Pub Group 1-43,,true,,20,49,38,38,86,0,0
1662356250356,86,Publish Message,200,Pub Group 1-35,,true,,20,49,38,38,86,0,0
1662356250356,86,Publish Message,200,Pub Group 1-18,,true,,20,49,38,38,86,0,0
1662356250356,86,Disconnect,200,Pub Group 1-10,,true,,11,0,38,38,0,0,0
1662356250356,86,Publish Message,200,Pub Group 1-29,,true,,20,49,37,37,86,0,0
1662356250356,87,Publish Message,200,Pub Group 1-24,,true,,20,49,37,37,87,0,0
1662356250356,87,Publish Message,200,Pub Group 1-19,,true,,20,49,37,37,87,0,0
1662356250356,87,Disconnect,200,Pub Group 1-12,,true,,11,0,37,37,0,0,0
1662356250356,87,Disconnect,200,Pub Group 1-14,,true,,11,0,37,37,0,0,0
1662356250370,85,Publish Message,200,Pub Group 1-27,,true,,20,49,35,35,85,0,0
1662356250370,85,Publish Message,200,Pub Group 1-39,,true,,20,49,35,35,85,0,0
1662356250370,85,Publish Message,200,Pub Group 1-33,,true,,20,49,35,35,85,0,0
1662356250385,83,Publish Message,200,Pub Group 1-28,,true,,20,49,35,35,83,0,0
1662356250385,85,Publish Message,200,Pub Group 1-34,,true,,20,49,35,35,85,0,0
1662356250385,86,Publish Message,200,Pub Group 1-45,,true,,20,49,35,35,86,0,0
1662356250400,85,Publish Message,200,Pub Group 1-46,,true,,20,49,35,35,85,0,0
1662356250400,86,Publish Message,200,Pub Group 1-40,,true,,20,49,35,35,86,0,0
1662356250478,82,Publish Message,200,Pub Group 1-26,,true,,20,49,35,35,82,0,0
1662356250478,82,Publish Message,200,Pub Group 1-30,,true,,20,49,35,35,82,0,0
1662356250478,82,Publish Message,200,Pub Group 1-44,,true,,20,49,35,35,82,0,0
1662356250478,82,Publish Message,200,Pub Group 1-47,,true,,20,49,35,35,82,0,0
1662356250478,82,Publish Message,200,Pub Group 1-42,,true,,20,49,35,35,82,0,0
1662356250478,84,Publish Message,200,Pub Group 1-49,,true,,20,49,35,35,84,0,0
1662356250478,84,Disconnect,200,Pub Group 1-17,,true,,11,0,35,35,0,0,0
1662356250478,84,Publish Message,200,Pub Group 1-22,,true,,20,49,34,34,84,0,0
1662356250478,84,Publish Message,200,Pub Group 1-50,,true,,20,49,34,34,84,0,0
1662356250478,85,Publish Message,200,Pub Group 1-31,,true,,20,49,34,34,85,0,0
1662356250478,85,Publish Message,200,Pub Group 1-38,,true,,20,49,34,34,85,0,0
1662356250478,85,Publish Message,200,Pub Group 1-23,,true,,20,49,34,34,85,0,0
1662356250478,85,Publish Message,200,Pub Group 1-32,,true,,20,49,34,34,85,0,0
1662356250478,85,Publish Message,200,Pub Group 1-25,,true,,20,49,34,34,85,0,0
1662356250478,85,Publish Message,200,Pub Group 1-36,,true,,20,49,34,34,85,0,0
1662356250478,86,Publish Message,200,Pub Group 1-41,,true,,20,49,34,34,86,0,0
1662356250478,86,Publish Message,200,Pub Group 1-43,,true,,20,49,34,34,86,0,0
1662356250478,86,Publish Message,200,Pub Group 1-48,,true,,20,49,34,34,86,0,0
1662356250478,86,Disconnect,200,Pub Group 1-16,,true,,11,0,34,34,0,0,0
1662356250478,86,Publish Message,200,Pub Group 1-35,,true,,20,49,33,33,86,0,0
1662356250478,87,Disconnect,200,Pub Group 1-21,,true,,11,0,33,33,0,0,0
1662356250478,87,Publish Message,200,Pub Group 1-37,,true,,20,49,32,32,87,0,0
1662356250478,87,Publish Message,200,Pub Group 1-24,,true,,20,49,32,32,87,0,0
1662356250478,88,Publish Message,200,Pub Group 1-29,,true,,20,49,32,32,88,0,0
1662356250478,88,Disconnect,200,Pub Group 1-18,,true,,11,0,32,32,0,0,0
1662356250478,88,Disconnect,200,Pub Group 1-20,,true,,11,0,32,32,0,0,0
1662356250478,89,Disconnect,200,Pub Group 1-19,,true,,11,0,30,30,0,0,0
1662356250493,84,Publish Message,200,Pub Group 1-39,,true,,20,49,29,29,84,0,0
1662356250493,84,Publish Message,200,Pub Group 1-27,,true,,20,49,29,29,84,0,0
1662356250493,84,Publish Message,200,Pub Group 1-33,,true,,20,49,29,29,84,0,0
1662356250508,83,Publish Message,200,Pub Group 1-28,,true,,20,49,29,29,83,0,0
1662356250508,84,Publish Message,200,Pub Group 1-34,,true,,20,49,29,29,84,0,0
1662356250508,85,Publish Message,200,Pub Group 1-45,,true,,20,49,29,29,85,0,0
1662356250523,85,Publish Message,200,Pub Group 1-46,,true,,20,49,29,29,85,0,0
1662356250523,86,Publish Message,200,Pub Group 1-40,,true,,20,49,29,29,86,0,0
1662356250601,82,Publish Message,200,Pub Group 1-44,,true,,20,49,29,29,82,0,0
1662356250601,82,Publish Message,200,Pub Group 1-49,,true,,20,49,29,29,82,0,0
1662356250601,82,Publish Message,200,Pub Group 1-42,,true,,20,49,29,29,82,0,0
1662356250601,82,Publish Message,200,Pub Group 1-47,,true,,20,49,29,29,82,0,0
1662356250601,83,Publish Message,200,Pub Group 1-30,,true,,20,49,29,29,83,0,0
1662356250601,84,Disconnect,200,Pub Group 1-26,,true,,11,0,29,29,0,0,0
1662356250601,84,Publish Message,200,Pub Group 1-31,,true,,20,49,28,28,84,0,0
1662356250601,85,Publish Message,200,Pub Group 1-50,,true,,20,49,28,28,85,0,0
1662356250601,85,Publish Message,200,Pub Group 1-32,,true,,20,49,28,28,85,0,0
1662356250601,85,Publish Message,200,Pub Group 1-36,,true,,20,49,28,28,85,0,0
1662356250601,85,Disconnect,200,Pub Group 1-23,,true,,11,0,28,28,0,0,0
1662356250601,85,Publish Message,200,Pub Group 1-38,,true,,20,49,28,28,85,0,0
1662356250601,85,Disconnect,200,Pub Group 1-22,,true,,11,0,27,27,0,0,0
1662356250601,86,Publish Message,200,Pub Group 1-41,,true,,20,49,26,26,86,0,0
1662356250601,86,Publish Message,200,Pub Group 1-35,,true,,20,49,26,26,86,0,0
1662356250601,86,Publish Message,200,Pub Group 1-48,,true,,20,49,26,26,86,0,0
1662356250601,86,Publish Message,200,Pub Group 1-43,,true,,20,49,26,26,86,0,0
1662356250601,86,Disconnect,200,Pub Group 1-25,,true,,11,0,26,26,0,0,0
1662356250601,86,Publish Message,200,Pub Group 1-37,,true,,20,49,25,25,86,0,0
1662356250601,87,Publish Message,200,Pub Group 1-29,,true,,20,49,25,25,87,0,0
1662356250601,88,Disconnect,200,Pub Group 1-24,,true,,11,0,25,25,0,0,0
1662356250617,84,Publish Message,200,Pub Group 1-39,,true,,20,49,24,24,84,0,0
1662356250617,84,Publish Message,200,Pub Group 1-33,,true,,20,49,24,24,84,0,0
1662356250616,86,Disconnect,200,Pub Group 1-27,,true,,11,0,24,24,0,0,0
1662356250632,84,Publish Message,200,Pub Group 1-34,,true,,20,49,23,23,84,0,0
1662356250632,84,Disconnect,200,Pub Group 1-28,,true,,11,0,23,23,0,0,0
1662356250632,85,Publish Message,200,Pub Group 1-45,,true,,20,49,22,22,85,0,0
1662356250647,84,Publish Message,200,Pub Group 1-46,,true,,20,49,22,22,84,0,0
1662356250647,86,Publish Message,200,Pub Group 1-40,,true,,20,49,22,22,86,0,0
1662356250740,87,Disconnect,200,Pub Group 1-33,,true,,11,0,22,22,0,0,0
1662356250740,85,Publish Message,200,Pub Group 1-39,,true,,20,49,22,22,85,0,0
1662356250725,88,Disconnect,200,Pub Group 1-29,,true,,11,0,22,22,0,0,0
1662356250725,86,Disconnect,200,Pub Group 1-32,,true,,11,0,22,22,0,0,0
1662356250725,86,Publish Message,200,Pub Group 1-37,,true,,20,49,22,22,86,0,0
1662356250725,85,Publish Message,200,Pub Group 1-48,,true,,20,49,22,22,85,0,0
1662356250725,85,Publish Message,200,Pub Group 1-43,,true,,20,49,22,22,85,0,0
1662356250725,85,Publish Message,200,Pub Group 1-35,,true,,20,49,22,22,85,0,0
1662356250725,85,Publish Message,200,Pub Group 1-41,,true,,20,49,22,22,85,0,0
1662356250724,85,Publish Message,200,Pub Group 1-50,,true,,20,49,22,22,85,0,0
1662356250724,85,Publish Message,200,Pub Group 1-38,,true,,20,49,22,22,85,0,0
1662356250724,85,Disconnect,200,Pub Group 1-31,,true,,11,0,22,22,0,0,0
1662356250724,84,Publish Message,200,Pub Group 1-36,,true,,20,49,22,22,84,0,0
1662356250725,83,Disconnect,200,Pub Group 1-30,,true,,11,0,22,22,0,0,0
1662356250724,82,Publish Message,200,Pub Group 1-44,,true,,20,49,22,22,82,0,0
1662356250724,82,Publish Message,200,Pub Group 1-49,,true,,20,49,22,22,82,0,0
1662356250724,82,Publish Message,200,Pub Group 1-47,,true,,20,49,22,22,82,0,0
1662356250724,82,Publish Message,200,Pub Group 1-42,,true,,20,49,22,22,82,0,0
1662356250756,85,Publish Message,200,Pub Group 1-45,,true,,20,49,17,17,85,0,0
1662356250756,86,Disconnect,200,Pub Group 1-34,,true,,11,0,17,17,0,0,0
1662356250771,85,Publish Message,200,Pub Group 1-46,,true,,20,49,16,16,85,0,0
1662356250771,86,Publish Message,200,Pub Group 1-40,,true,,20,49,16,16,86,0,0
1662356250864,81,Publish Message,200,Pub Group 1-49,,true,,20,49,16,16,81,0,0
1662356250864,81,Publish Message,200,Pub Group 1-47,,true,,20,49,16,16,81,0,0
1662356250864,81,Publish Message,200,Pub Group 1-42,,true,,20,49,16,16,81,0,0
1662356250864,81,Publish Message,200,Pub Group 1-44,,true,,20,49,16,16,81,0,0
1662356250864,84,Publish Message,200,Pub Group 1-50,,true,,20,49,16,16,84,0,0
1662356250864,85,Publish Message,200,Pub Group 1-41,,true,,20,49,16,16,85,0,0
1662356250864,85,Publish Message,200,Pub Group 1-48,,true,,20,49,16,16,85,0,0
1662356250864,85,Publish Message,200,Pub Group 1-43,,true,,20,49,16,16,85,0,0
1662356250864,85,Disconnect,200,Pub Group 1-39,,true,,11,0,16,16,0,0,0
1662356250864,87,Disconnect,200,Pub Group 1-36,,true,,11,0,15,15,0,0,0
1662356250864,88,Disconnect,200,Pub Group 1-38,,true,,11,0,14,14,0,0,0
1662356250864,88,Disconnect,200,Pub Group 1-35,,true,,11,0,13,13,0,0,0
1662356250864,88,Disconnect,200,Pub Group 1-37,,true,,11,0,13,13,0,0,0
1662356250880,85,Publish Message,200,Pub Group 1-45,,true,,20,49,11,11,85,0,0
1662356250896,84,Publish Message,200,Pub Group 1-46,,true,,20,49,11,11,84,0,0
1662356250896,86,Disconnect,200,Pub Group 1-40,,true,,11,0,11,11,0,0,0
1662356250989,82,Publish Message,200,Pub Group 1-47,,true,,20,49,10,10,82,0,0
1662356250989,82,Publish Message,200,Pub Group 1-49,,true,,20,49,10,10,82,0,0
1662356250989,82,Disconnect,200,Pub Group 1-44,,true,,11,0,10,10,0,0,0
1662356250989,83,Disconnect,200,Pub Group 1-42,,true,,11,0,9,9,0,0,0
1662356250989,84,Publish Message,200,Pub Group 1-50,,true,,20,49,8,8,84,0,0
1662356250989,85,Publish Message,200,Pub Group 1-48,,true,,20,49,8,8,85,0,0
1662356250989,87,Disconnect,200,Pub Group 1-43,,true,,11,0,8,8,0,0,0
1662356250989,87,Disconnect,200,Pub Group 1-41,,true,,11,0,8,8,0,0,0
1662356251004,89,Disconnect,200,Pub Group 1-45,,true,,11,0,6,6,0,0,0
1662356251020,85,Disconnect,200,Pub Group 1-46,,true,,11,0,5,5,0,0,0
1662356251114,85,Disconnect,200,Pub Group 1-47,,true,,11,0,4,4,0,0,0
1662356251114,85,Disconnect,200,Pub Group 1-50,,true,,11,0,4,4,0,0,0
1662356251114,85,Disconnect,200,Pub Group 1-49,,true,,11,0,4,4,0,0,0
1662356251114,89,Disconnect,200,Pub Group 1-48,,true,,11,0,1,1,0,0,0
