timeStamp,elapsed,label,responseCode,threadName,dataType,success,failureMessage,bytes,sentBytes,grpThreads,allThreads,Latency,IdleTime,Connect
1662356197743,180,Connect,200,Pub Group 1-1,,true,,11,0,3,4,0,0,0
1662356197733,194,Connect,200,Sub Group 2-1,,true,,11,0,1,4,0,0,0
1662356197838,171,Connect,200,Pub Group 1-2,,true,,11,0,4,5,0,0,0
1662356197954,82,Publish Message,200,Pub Group 1-1,,true,,20,48,4,5,82,0,0
1662356197944,170,Connect,200,Pub Group 1-3,,true,,11,0,4,5,0,0,0
1662356198040,85,Publish Message,200,Pub Group 1-2,,true,,20,48,5,6,85,0,0
1662356198066,82,Publish Message,200,Pub Group 1-1,,true,,20,48,5,6,82,0,0
1662356198170,129,Subscribe Message,200,Sub Group 2-1,,true,,48,0,1,6,129,0,0
1662356198201,105,Subscribe Message,200,Sub Group 2-1,,true,,48,0,1,6,105,0,0
1662356198037,165,Connect,200,Pub Group 1-4,,true,,11,0,5,6,0,0,0
1662356198178,82,Publish Message,200,Pub Group 1-1,,true,,20,48,6,7,82,0,0
1662356198256,111,Subscribe Message,200,Sub Group 2-1,,true,,48,0,1,7,111,0,0
1662356198155,85,Publish Message,200,Pub Group 1-2,,true,,20,48,6,7,85,0,0
1662356198145,83,Publish Message,200,Pub Group 1-3,,true,,20,48,6,7,83,0,0
1662356198145,165,Connect,200,Pub Group 1-5,,true,,11,0,6,7,0,0,0
1662356198232,82,Publish Message,200,Pub Group 1-4,,true,,20,48,6,7,82,0,0
1662356198300,82,Publish Message,200,Pub Group 1-1,,true,,20,48,7,8,82,0,0
1662356198300,84,Publish Message,200,Pub Group 1-3,,true,,20,48,7,8,84,0,0
1662356198300,84,Publish Message,200,Pub Group 1-2,,true,,20,48,7,8,84,0,0
1662356198300,85,Disconnect,200,Sub Group 2-1,,true,,11,0,1,8,0,0,0
1662356198238,171,Connect,200,Pub Group 1-6,,true,,11,0,7,7,0,0,0
1662356198340,82,Publish Message,200,Pub Group 1-5,,true,,20,48,8,8,82,0,0
1662356198345,82,Publish Message,200,Pub Group 1-4,,true,,20,48,8,8,82,0,0
1662356198412,82,Publish Message,200,Pub Group 1-1,,true,,20,48,8,8,82,0,0
1662356198414,84,Publish Message,200,Pub Group 1-3,,true,,20,48,8,8,84,0,0
1662356198415,84,Publish Message,200,Pub Group 1-2,,true,,20,48,8,8,84,0,0
1662356198346,166,Connect,200,Pub Group 1-7,,true,,11,0,9,9,0,0,0
1662356198440,84,Publish Message,200,Pub Group 1-6,,true,,20,48,9,9,84,0,0
1662356198451,82,Publish Message,200,Pub Group 1-5,,true,,20,48,9,9,82,0,0
1662356198457,82,Publish Message,200,Pub Group 1-4,,true,,20,48,9,9,82,0,0
1662356198525,82,Publish Message,200,Pub Group 1-1,,true,,20,48,10,10,82,0,0
1662356198528,84,Publish Message,200,Pub Group 1-3,,true,,20,48,10,10,84,0,0
1662356198440,173,Connect,200,Pub Group 1-8,,true,,11,0,10,10,0,0,0
1662356198530,85,Publish Message,200,Pub Group 1-2,,true,,20,48,10,10,85,0,0
1662356198542,82,Publish Message,200,Pub Group 1-7,,true,,20,48,10,10,82,0,0
1662356198555,84,Publish Message,200,Pub Group 1-6,,true,,20,48,10,10,84,0,0
1662356198563,81,Publish Message,200,Pub Group 1-5,,true,,20,48,10,10,81,0,0
1662356198569,82,Publish Message,200,Pub Group 1-4,,true,,20,48,10,10,82,0,0
1662356198534,170,Connect,200,Pub Group 1-9,,true,,11,0,10,10,0,0,0
1662356198688,81,Publish Message,200,Pub Group 1-4,,true,,20,48,10,10,81,0,0
1662356198688,81,Publish Message,200,Pub Group 1-5,,true,,20,48,10,10,81,0,0
1662356198673,84,Publish Message,200,Pub Group 1-6,,true,,20,48,10,10,84,0,0
1662356198657,85,Publish Message,200,Pub Group 1-8,,true,,20,48,10,10,85,0,0
1662356198657,85,Publish Message,200,Pub Group 1-2,,true,,20,48,10,10,85,0,0
1662356198657,82,Publish Message,200,Pub Group 1-7,,true,,20,48,10,10,82,0,0
1662356198642,84,Publish Message,200,Pub Group 1-3,,true,,20,48,10,10,84,0,0
1662356198642,81,Publish Message,200,Pub Group 1-1,,true,,20,48,10,10,81,0,0
1662356198642,170,Connect,200,Pub Group 1-10,,true,,11,0,10,10,0,0,0
1662356198736,84,Publish Message,200,Pub Group 1-9,,true,,20,48,10,10,84,0,0
1662356198814,81,Publish Message,200,Pub Group 1-4,,true,,20,48,10,10,81,0,0
1662356198814,81,Publish Message,200,Pub Group 1-5,,true,,20,48,10,10,81,0,0
1662356198814,82,Publish Message,200,Pub Group 1-7,,true,,20,48,10,10,82,0,0
1662356198814,82,Publish Message,200,Pub Group 1-1,,true,,20,48,10,10,82,0,0
1662356198813,85,Publish Message,200,Pub Group 1-6,,true,,20,48,10,10,85,0,0
1662356198814,84,Publish Message,200,Pub Group 1-3,,true,,20,48,10,10,84,0,0
1662356198814,85,Publish Message,200,Pub Group 1-2,,true,,20,48,10,10,85,0,0
1662356198813,86,Publish Message,200,Pub Group 1-8,,true,,20,48,10,10,86,0,0
1662356198844,85,Publish Message,200,Pub Group 1-10,,true,,20,49,10,10,85,0,0
1662356198860,84,Publish Message,200,Pub Group 1-9,,true,,20,48,10,10,84,0,0
1662356198937,82,Publish Message,200,Pub Group 1-1,,true,,20,48,10,10,82,0,0
1662356198937,82,Publish Message,200,Pub Group 1-5,,true,,20,48,10,10,82,0,0
1662356198937,82,Publish Message,200,Pub Group 1-4,,true,,20,48,10,10,82,0,0
1662356198937,82,Publish Message,200,Pub Group 1-7,,true,,20,48,10,10,82,0,0
1662356198937,85,Publish Message,200,Pub Group 1-3,,true,,20,48,10,10,85,0,0
1662356198937,85,Publish Message,200,Pub Group 1-6,,true,,20,48,10,10,85,0,0
1662356198937,85,Publish Message,200,Pub Group 1-2,,true,,20,48,10,10,85,0,0
1662356198937,86,Publish Message,200,Pub Group 1-8,,true,,20,48,10,10,86,0,0
1662356198968,85,Publish Message,200,Pub Group 1-10,,true,,20,49,10,10,85,0,0
1662356198984,85,Publish Message,200,Pub Group 1-9,,true,,20,48,10,10,85,0,0
1662356199063,81,Publish Message,200,Pub Group 1-5,,true,,20,48,10,10,81,0,0
1662356199063,81,Publish Message,200,Pub Group 1-4,,true,,20,48,10,10,81,0,0
1662356199063,81,Publish Message,200,Pub Group 1-1,,true,,20,48,10,10,81,0,0
1662356199063,82,Publish Message,200,Pub Group 1-7,,true,,20,48,10,10,82,0,0
1662356199063,84,Publish Message,200,Pub Group 1-3,,true,,20,48,10,10,84,0,0
1662356199063,84,Publish Message,200,Pub Group 1-6,,true,,20,48,10,10,84,0,0
1662356199063,85,Publish Message,200,Pub Group 1-2,,true,,20,48,10,10,85,0,0
1662356199063,86,Publish Message,200,Pub Group 1-8,,true,,20,48,10,10,86,0,0
1662356199094,85,Publish Message,200,Pub Group 1-10,,true,,20,49,10,10,85,0,0
1662356199109,85,Publish Message,200,Pub Group 1-9,,true,,20,48,10,10,85,0,0
1662356199187,85,Publish Message,200,Pub Group 1-8,,true,,20,48,10,10,85,0,0
1662356199187,85,Publish Message,200,Pub Group 1-2,,true,,20,48,10,10,85,0,0
1662356199187,84,Publish Message,200,Pub Group 1-6,,true,,20,48,10,10,84,0,0
1662356199187,83,Publish Message,200,Pub Group 1-3,,true,,20,48,10,10,83,0,0
1662356199187,83,Disconnect,200,Pub Group 1-1,,true,,11,0,10,10,0,0,0
1662356199187,82,Publish Message,200,Pub Group 1-7,,true,,20,48,10,10,82,0,0
1662356199187,81,Publish Message,200,Pub Group 1-4,,true,,20,48,10,10,81,0,0
1662356199187,81,Publish Message,200,Pub Group 1-5,,true,,20,48,10,10,81,0,0
1662356199218,85,Publish Message,200,Pub Group 1-10,,true,,20,49,9,9,85,0,0
1662356199233,84,Publish Message,200,Pub Group 1-9,,true,,20,48,9,9,84,0,0
1662356199329,82,Publish Message,200,Pub Group 1-4,,true,,20,48,9,9,82,0,0
1662356199329,82,Publish Message,200,Pub Group 1-5,,true,,20,48,9,9,82,0,0
1662356199328,83,Publish Message,200,Pub Group 1-7,,true,,20,48,9,9,83,0,0
1662356199328,84,Publish Message,200,Pub Group 1-3,,true,,20,48,9,9,84,0,0
1662356199329,83,Publish Message,200,Pub Group 1-6,,true,,20,48,9,9,83,0,0
1662356199328,86,Publish Message,200,Pub Group 1-8,,true,,20,48,9,9,86,0,0
1662356199328,86,Disconnect,200,Pub Group 1-2,,true,,11,0,9,9,0,0,0
1662356199344,84,Publish Message,200,Pub Group 1-10,,true,,20,49,8,8,84,0,0
1662356199360,85,Publish Message,200,Pub Group 1-9,,true,,20,48,8,8,85,0,0
1662356199452,82,Publish Message,200,Pub Group 1-5,,true,,20,48,8,8,82,0,0
1662356199452,83,Disconnect,200,Pub Group 1-4,,true,,11,0,8,8,0,0,0
1662356199452,83,Publish Message,200,Pub Group 1-7,,true,,20,48,8,8,83,0,0
1662356199452,84,Publish Message,200,Pub Group 1-6,,true,,20,48,7,7,84,0,0
1662356199452,86,Disconnect,200,Pub Group 1-3,,true,,11,0,7,7,0,0,0
1662356199452,86,Publish Message,200,Pub Group 1-8,,true,,20,48,7,7,86,0,0
1662356199467,84,Publish Message,200,Pub Group 1-10,,true,,20,49,6,6,84,0,0
1662356199482,84,Publish Message,200,Pub Group 1-9,,true,,20,48,6,6,84,0,0
1662356199575,82,Disconnect,200,Pub Group 1-5,,true,,11,0,6,6,0,0,0
1662356199575,82,Publish Message,200,Pub Group 1-7,,true,,20,48,5,5,82,0,0
1662356199576,84,Publish Message,200,Pub Group 1-6,,true,,20,48,5,5,84,0,0
1662356199576,85,Publish Message,200,Pub Group 1-8,,true,,20,48,5,5,85,0,0
1662356199592,83,Publish Message,200,Pub Group 1-10,,true,,20,49,5,5,83,0,0
1662356199606,84,Publish Message,200,Pub Group 1-9,,true,,20,48,5,5,84,0,0
1662356199715,84,Publish Message,200,Pub Group 1-10,,true,,20,49,5,5,84,0,0
1662356199700,85,Publish Message,200,Pub Group 1-8,,true,,20,48,5,5,85,0,0
1662356199700,84,Disconnect,200,Pub Group 1-6,,true,,11,0,5,5,0,0,0
1662356199700,82,Publish Message,200,Pub Group 1-7,,true,,20,48,5,5,82,0,0
1662356199730,84,Publish Message,200,Pub Group 1-9,,true,,20,48,4,4,84,0,0
1662356199837,84,Disconnect,200,Pub Group 1-7,,true,,11,0,4,4,0,0,0
1662356199837,84,Publish Message,200,Pub Group 1-10,,true,,20,49,3,3,84,0,0
1662356199837,85,Publish Message,200,Pub Group 1-8,,true,,20,48,3,3,85,0,0
1662356199853,85,Publish Message,200,Pub Group 1-9,,true,,20,48,3,3,85,0,0
1662356199961,85,Publish Message,200,Pub Group 1-10,,true,,20,49,3,3,85,0,0
1662356199960,87,Disconnect,200,Pub Group 1-8,,true,,11,0,3,3,0,0,0
1662356199976,85,Disconnect,200,Pub Group 1-9,,true,,11,0,2,2,0,0,0
1662356200084,85,Disconnect,200,Pub Group 1-10,,true,,11,0,1,1,0,0,0
